Sl. No.	Instance Id	Predicted Label
1	task_C_en_test_0000	FALSE
2	task_C_en_test_0001	TRUE
3	task_C_en_test_0002	FALSE
4	task_C_en_test_0004	TRUE
5	task_C_en_test_0005	FALSE
6	task_C_en_test_0007	FALSE
7	task_C_en_test_0008	FALSE
8	task_C_en_test_0010	FALSE
9	task_C_en_test_0011	FALSE
10	task_C_en_test_0012	FALSE
11	task_C_en_test_0013	FALSE
12	task_C_en_test_0015	FALSE
13	task_C_en_test_0016	FALSE
14	task_C_en_test_0017	FALSE
15	task_C_en_test_0020	FALSE
16	task_C_en_test_0023	FALSE
17	task_C_en_test_0024	FALSE
18	task_C_en_test_0026	FALSE
19	task_C_en_test_0028	FALSE
20	task_C_en_test_0030	FALSE
21	task_C_en_test_0031	FALSE
22	task_C_en_test_0032	FALSE
23	task_C_en_test_0033	FALSE
24	task_C_en_test_0034	TRUE
25	task_C_en_test_0035	FALSE
26	task_C_en_test_0037	FALSE
27	task_C_en_test_0039	FALSE
28	task_C_en_test_0040	FALSE
29	task_C_en_test_0042	FALSE
30	task_C_en_test_0043	FALSE
31	task_C_en_test_0044	FALSE
32	task_C_en_test_0046	FALSE
33	task_C_en_test_0048	TRUE
34	task_C_en_test_0049	FALSE
35	task_C_en_test_0051	FALSE
36	task_C_en_test_0054	FALSE
37	task_C_en_test_0055	FALSE
38	task_C_en_test_0056	FALSE
39	task_C_en_test_0060	FALSE
40	task_C_en_test_0061	FALSE
41	task_C_en_test_0062	TRUE
42	task_C_en_test_0063	FALSE
43	task_C_en_test_0067	FALSE
44	task_C_en_test_0068	FALSE
45	task_C_en_test_0069	FALSE
46	task_C_en_test_0070	FALSE
47	task_C_en_test_0071	FALSE
48	task_C_en_test_0072	FALSE
49	task_C_en_test_0073	FALSE
50	task_C_en_test_0074	FALSE
51	task_C_en_test_0075	FALSE
52	task_C_en_test_0078	FALSE
53	task_C_en_test_0079	TRUE
54	task_C_en_test_0081	FALSE
55	task_C_en_test_0083	FALSE
56	task_C_en_test_0085	FALSE
57	task_C_en_test_0087	FALSE
58	task_C_en_test_0088	FALSE
59	task_C_en_test_0089	TRUE
60	task_C_en_test_0090	FALSE
61	task_C_en_test_0091	FALSE
62	task_C_en_test_0092	FALSE
63	task_C_en_test_0093	FALSE
64	task_C_en_test_0095	FALSE
65	task_C_en_test_0096	FALSE
66	task_C_en_test_0097	FALSE
67	task_C_en_test_0098	FALSE
68	task_C_en_test_0099	FALSE
69	task_C_en_test_0100	FALSE
70	task_C_en_test_0101	FALSE
71	task_C_en_test_0104	FALSE
72	task_C_en_test_0105	FALSE
73	task_C_en_test_0106	FALSE
74	task_C_en_test_0110	FALSE
75	task_C_en_test_0113	FALSE
76	task_C_en_test_0115	FALSE
77	task_C_en_test_0116	FALSE
78	task_C_en_test_0117	FALSE
79	task_C_en_test_0119	FALSE
80	task_C_en_test_0121	FALSE
81	task_C_en_test_0123	FALSE
82	task_C_en_test_0128	FALSE
83	task_C_en_test_0130	FALSE
84	task_C_en_test_0131	FALSE
85	task_C_en_test_0133	FALSE
86	task_C_en_test_0137	FALSE
87	task_C_en_test_0140	FALSE
88	task_C_en_test_0142	FALSE
89	task_C_en_test_0144	FALSE
90	task_C_en_test_0145	FALSE
91	task_C_en_test_0148	FALSE
92	task_C_en_test_0151	FALSE
93	task_C_en_test_0153	FALSE
94	task_C_en_test_0154	FALSE
95	task_C_en_test_0158	FALSE
96	task_C_en_test_0160	FALSE
97	task_C_en_test_0162	FALSE
98	task_C_en_test_0163	FALSE
99	task_C_en_test_0164	FALSE
100	task_C_en_test_0165	FALSE
101	task_C_en_test_0166	FALSE
102	task_C_en_test_0169	FALSE
103	task_C_en_test_0171	FALSE
104	task_C_en_test_0173	FALSE
105	task_C_en_test_0174	FALSE
106	task_C_en_test_0175	FALSE
107	task_C_en_test_0177	FALSE
108	task_C_en_test_0178	FALSE
109	task_C_en_test_0180	TRUE
110	task_C_en_test_0184	FALSE
111	task_C_en_test_0186	FALSE
112	task_C_en_test_0190	FALSE
113	task_C_en_test_0192	FALSE
114	task_C_en_test_0193	FALSE
115	task_C_en_test_0195	FALSE
116	task_C_en_test_0196	FALSE
117	task_C_en_test_0198	FALSE
118	task_C_en_test_0199	FALSE
119	task_C_en_test_0201	FALSE
120	task_C_en_test_0203	FALSE
121	task_C_en_test_0205	FALSE
122	task_C_en_test_0206	FALSE
123	task_C_en_test_0209	FALSE
124	task_C_en_test_0210	FALSE
125	task_C_en_test_0211	FALSE
126	task_C_en_test_0212	FALSE
127	task_C_en_test_0215	FALSE
128	task_C_en_test_0217	FALSE
129	task_C_en_test_0220	FALSE
130	task_C_en_test_0221	FALSE
131	task_C_en_test_0222	FALSE
132	task_C_en_test_0223	FALSE
133	task_C_en_test_0227	FALSE
134	task_C_en_test_0231	FALSE
135	task_C_en_test_0234	FALSE
136	task_C_en_test_0237	TRUE
137	task_C_en_test_0238	FALSE
138	task_C_en_test_0239	TRUE
139	task_C_en_test_0240	FALSE
140	task_C_en_test_0241	FALSE
141	task_C_en_test_0244	FALSE
142	task_C_en_test_0245	FALSE
143	task_C_en_test_0246	FALSE
144	task_C_en_test_0247	FALSE
145	task_C_en_test_0248	FALSE
146	task_C_en_test_0249	FALSE
147	task_C_en_test_0253	FALSE
148	task_C_en_test_0255	FALSE
149	task_C_en_test_0256	FALSE
150	task_C_en_test_0259	TRUE
151	task_C_en_test_0264	FALSE
152	task_C_en_test_0265	FALSE
153	task_C_en_test_0266	FALSE
154	task_C_en_test_0269	FALSE
155	task_C_en_test_0272	TRUE
156	task_C_en_test_0275	FALSE
157	task_C_en_test_0276	FALSE
158	task_C_en_test_0278	FALSE
159	task_C_en_test_0279	FALSE
160	task_C_en_test_0286	FALSE
161	task_C_en_test_0288	FALSE
162	task_C_en_test_0289	FALSE
163	task_C_en_test_0291	FALSE
164	task_C_en_test_0292	FALSE
165	task_C_en_test_0294	FALSE
166	task_C_en_test_0295	FALSE
167	task_C_en_test_0296	FALSE
168	task_C_en_test_0297	FALSE
169	task_C_en_test_0299	FALSE
170	task_C_en_test_0300	FALSE
171	task_C_en_test_0301	FALSE
172	task_C_en_test_0303	TRUE
173	task_C_en_test_0305	FALSE
174	task_C_en_test_0309	TRUE
175	task_C_en_test_0310	FALSE
176	task_C_en_test_0313	FALSE
177	task_C_en_test_0315	FALSE
178	task_C_en_test_0316	FALSE
179	task_C_en_test_0317	FALSE
180	task_C_en_test_0318	TRUE
181	task_C_en_test_0320	FALSE
182	task_C_en_test_0323	FALSE
183	task_C_en_test_0326	FALSE
184	task_C_en_test_0328	FALSE
185	task_C_en_test_0331	FALSE
186	task_C_en_test_0333	FALSE
187	task_C_en_test_0334	TRUE
188	task_C_en_test_0335	FALSE
189	task_C_en_test_0337	FALSE
190	task_C_en_test_0339	FALSE
191	task_C_en_test_0340	FALSE
192	task_C_en_test_0341	FALSE
193	task_C_en_test_0342	FALSE
194	task_C_en_test_0343	FALSE
195	task_C_en_test_0346	TRUE
196	task_C_en_test_0347	TRUE
197	task_C_en_test_0348	FALSE
198	task_C_en_test_0349	FALSE
199	task_C_en_test_0350	FALSE
200	task_C_en_test_0353	FALSE
201	task_C_en_test_0355	FALSE
202	task_C_en_test_0356	TRUE
203	task_C_en_test_0357	FALSE
204	task_C_en_test_0358	FALSE
205	task_C_en_test_0365	FALSE
206	task_C_en_test_0369	FALSE
207	task_C_en_test_0371	FALSE
208	task_C_en_test_0373	FALSE
209	task_C_en_test_0379	FALSE
210	task_C_en_test_0380	FALSE
211	task_C_en_test_0381	FALSE
212	task_C_en_test_0383	FALSE
213	task_C_en_test_0387	FALSE
214	task_C_en_test_0389	FALSE
215	task_C_en_test_0393	FALSE
216	task_C_en_test_0394	FALSE
217	task_C_en_test_0395	TRUE
218	task_C_en_test_0396	FALSE
219	task_C_en_test_0397	TRUE
220	task_C_en_test_0398	TRUE
221	task_C_en_test_0402	FALSE
222	task_C_en_test_0403	TRUE
223	task_C_en_test_0406	FALSE
224	task_C_en_test_0409	FALSE
225	task_C_en_test_0414	FALSE
226	task_C_en_test_0415	FALSE
227	task_C_en_test_0416	FALSE
228	task_C_en_test_0417	FALSE
229	task_C_en_test_0418	FALSE
230	task_C_en_test_0424	FALSE
231	task_C_en_test_0426	FALSE
232	task_C_en_test_0429	FALSE
233	task_C_en_test_0432	FALSE
234	task_C_en_test_0435	TRUE
235	task_C_en_test_0437	FALSE
236	task_C_en_test_0440	FALSE
237	task_C_en_test_0442	FALSE
238	task_C_en_test_0443	FALSE
239	task_C_en_test_0449	FALSE
240	task_C_en_test_0453	FALSE
241	task_C_en_test_0454	FALSE
242	task_C_en_test_0456	FALSE
243	task_C_en_test_0457	FALSE
244	task_C_en_test_0459	FALSE
245	task_C_en_test_0461	FALSE
246	task_C_en_test_0462	FALSE
247	task_C_en_test_0463	FALSE
248	task_C_en_test_0466	FALSE
249	task_C_en_test_0470	FALSE
250	task_C_en_test_0471	TRUE
251	task_C_en_test_0473	FALSE
252	task_C_en_test_0475	FALSE
253	task_C_en_test_0476	FALSE
254	task_C_en_test_0477	FALSE
255	task_C_en_test_0480	FALSE
256	task_C_en_test_0481	FALSE
257	task_C_en_test_0482	FALSE
258	task_C_en_test_0483	FALSE
259	task_C_en_test_0484	FALSE
260	task_C_en_test_0489	FALSE
261	task_C_en_test_0492	FALSE
262	task_C_en_test_0493	FALSE
263	task_C_en_test_0495	TRUE
264	task_C_en_test_0496	FALSE
265	task_C_en_test_0497	FALSE
266	task_C_en_test_0498	FALSE
267	task_C_en_test_0499	FALSE
268	task_C_en_test_0500	FALSE
269	task_C_en_test_0501	FALSE
270	task_C_en_test_0502	FALSE
271	task_C_en_test_0503	FALSE
272	task_C_en_test_0504	FALSE
273	task_C_en_test_0505	FALSE
274	task_C_en_test_0506	FALSE
275	task_C_en_test_0507	FALSE
276	task_C_en_test_0508	FALSE
277	task_C_en_test_0509	FALSE
278	task_C_en_test_0511	FALSE
279	task_C_en_test_0512	FALSE
280	task_C_en_test_0513	FALSE
281	task_C_en_test_0516	FALSE
282	task_C_en_test_0517	FALSE
283	task_C_en_test_0518	FALSE
284	task_C_en_test_0519	FALSE
285	task_C_en_test_0522	FALSE
286	task_C_en_test_0523	FALSE
287	task_C_en_test_0524	FALSE
288	task_C_en_test_0525	FALSE
289	task_C_en_test_0526	FALSE
290	task_C_en_test_0528	FALSE
291	task_C_en_test_0529	FALSE
292	task_C_en_test_0531	FALSE
293	task_C_en_test_0532	FALSE
294	task_C_en_test_0533	FALSE
295	task_C_en_test_0534	FALSE
296	task_C_en_test_0539	FALSE
297	task_C_en_test_0542	TRUE
298	task_C_en_test_0544	FALSE
299	task_C_en_test_0545	FALSE
300	task_C_en_test_0546	FALSE
301	task_C_en_test_0548	FALSE
302	task_C_en_test_0549	FALSE
303	task_C_en_test_0550	FALSE
304	task_C_en_test_0551	FALSE
305	task_C_en_test_0555	FALSE
306	task_C_en_test_0556	FALSE
307	task_C_en_test_0557	FALSE
308	task_C_en_test_0558	FALSE
309	task_C_en_test_0559	FALSE
310	task_C_en_test_0560	FALSE
311	task_C_en_test_0561	FALSE
312	task_C_en_test_0562	FALSE
313	task_C_en_test_0567	FALSE
314	task_C_en_test_0568	FALSE
315	task_C_en_test_0569	TRUE
316	task_C_en_test_0570	FALSE
317	task_C_en_test_0573	FALSE
318	task_C_en_test_0574	FALSE
319	task_C_en_test_0575	FALSE
320	task_C_en_test_0576	TRUE
321	task_C_en_test_0577	FALSE
322	task_C_en_test_0578	FALSE
323	task_C_en_test_0579	FALSE
324	task_C_en_test_0583	FALSE
325	task_C_en_test_0584	FALSE
326	task_C_en_test_0587	FALSE
327	task_C_en_test_0588	FALSE
328	task_C_en_test_0589	FALSE
329	task_C_en_test_0591	FALSE
330	task_C_en_test_0592	FALSE
331	task_C_en_test_0593	FALSE
332	task_C_en_test_0594	FALSE
333	task_C_en_test_0596	TRUE
334	task_C_en_test_0598	FALSE
335	task_C_en_test_0599	FALSE
336	task_C_en_test_0601	FALSE
337	task_C_en_test_0602	TRUE
338	task_C_en_test_0603	FALSE
339	task_C_en_test_0606	FALSE
340	task_C_en_test_0607	FALSE
341	task_C_en_test_0608	FALSE
342	task_C_en_test_0609	FALSE
343	task_C_en_test_0611	FALSE
344	task_C_en_test_0612	TRUE
345	task_C_en_test_0613	FALSE
346	task_C_en_test_0614	FALSE
347	task_C_en_test_0617	FALSE
348	task_C_en_test_0620	FALSE
349	task_C_en_test_0621	FALSE
350	task_C_en_test_0622	FALSE
351	task_C_en_test_0623	FALSE
352	task_C_en_test_0625	FALSE
353	task_C_en_test_0626	FALSE
354	task_C_en_test_0627	FALSE
355	task_C_en_test_0630	FALSE
356	task_C_en_test_0632	FALSE
357	task_C_en_test_0633	FALSE
358	task_C_en_test_0635	FALSE
359	task_C_en_test_0638	FALSE
360	task_C_en_test_0639	FALSE
361	task_C_en_test_0641	FALSE
362	task_C_en_test_0642	FALSE
363	task_C_en_test_0643	FALSE
364	task_C_en_test_0646	FALSE
365	task_C_en_test_0650	FALSE
366	task_C_en_test_0651	FALSE
367	task_C_en_test_0652	FALSE
368	task_C_en_test_0654	FALSE
369	task_C_en_test_0655	FALSE
370	task_C_en_test_0656	FALSE
371	task_C_en_test_0659	FALSE
372	task_C_en_test_0660	FALSE
373	task_C_en_test_0664	FALSE
374	task_C_en_test_0665	FALSE
375	task_C_en_test_0666	FALSE
376	task_C_en_test_0667	FALSE
377	task_C_en_test_0668	FALSE
378	task_C_en_test_0669	FALSE
379	task_C_en_test_0672	TRUE
380	task_C_en_test_0673	FALSE
381	task_C_en_test_0675	FALSE
382	task_C_en_test_0676	FALSE
383	task_C_en_test_0679	FALSE
384	task_C_en_test_0680	TRUE
385	task_C_en_test_0681	FALSE
386	task_C_en_test_0682	FALSE
387	task_C_en_test_0684	FALSE
388	task_C_en_test_0698	FALSE
389	task_C_en_test_0699	FALSE
390	task_C_en_test_0700	FALSE
391	task_C_en_test_0702	FALSE
392	task_C_en_test_0703	TRUE
393	task_C_en_test_0705	TRUE
394	task_C_en_test_0706	TRUE
395	task_C_en_test_0707	FALSE
396	task_C_en_test_0710	FALSE
397	task_C_en_test_0711	TRUE
398	task_C_en_test_0712	FALSE
399	task_C_en_test_0713	FALSE
400	task_C_en_test_0717	FALSE
401	task_C_en_test_0718	FALSE
402	task_C_en_test_0719	TRUE
403	task_C_en_test_0722	FALSE
404	task_C_en_test_0723	FALSE
405	task_C_en_test_0724	FALSE
406	task_C_en_test_0725	FALSE
407	task_C_en_test_0726	FALSE
408	task_C_en_test_0728	FALSE
409	task_C_en_test_0729	FALSE
410	task_C_en_test_0731	FALSE
411	task_C_en_test_0737	FALSE
412	task_C_en_test_0738	FALSE
413	task_C_en_test_0740	FALSE
414	task_C_en_test_0741	FALSE
415	task_C_en_test_0743	FALSE
416	task_C_en_test_0745	FALSE
417	task_C_en_test_0746	TRUE
418	task_C_en_test_0748	FALSE
419	task_C_en_test_0749	FALSE
420	task_C_en_test_0750	FALSE
421	task_C_en_test_0751	FALSE
422	task_C_en_test_0753	FALSE
423	task_C_en_test_0754	FALSE
424	task_C_en_test_0756	FALSE
425	task_C_en_test_0759	FALSE
426	task_C_en_test_0760	FALSE
427	task_C_en_test_0761	FALSE
428	task_C_en_test_0762	TRUE
429	task_C_en_test_0764	TRUE
430	task_C_en_test_0766	TRUE
431	task_C_en_test_0768	FALSE
432	task_C_en_test_0770	FALSE
433	task_C_en_test_0771	FALSE
434	task_C_en_test_0772	FALSE
435	task_C_en_test_0775	FALSE
436	task_C_en_test_0778	FALSE
437	task_C_en_test_0781	FALSE
438	task_C_en_test_0785	FALSE
439	task_C_en_test_0786	FALSE
440	task_C_en_test_0787	FALSE
441	task_C_en_test_0789	TRUE
442	task_C_en_test_0790	FALSE
443	task_C_en_test_0791	FALSE
444	task_C_en_test_0792	FALSE
445	task_C_en_test_0794	FALSE
446	task_C_en_test_0796	FALSE
447	task_C_en_test_0799	FALSE
448	task_C_en_test_0800	FALSE
449	task_C_en_test_0801	FALSE
450	task_C_en_test_0802	TRUE
451	task_C_en_test_0803	FALSE
452	task_C_en_test_0804	FALSE
453	task_C_en_test_0805	FALSE
454	task_C_en_test_0806	FALSE
455	task_C_en_test_0807	FALSE
456	task_C_en_test_0808	FALSE
457	task_C_en_test_0810	FALSE
458	task_C_en_test_0811	FALSE
459	task_C_en_test_0815	TRUE
460	task_C_en_test_0816	FALSE
461	task_C_en_test_0817	FALSE
462	task_C_en_test_0818	FALSE
463	task_C_en_test_0819	FALSE
464	task_C_en_test_0822	FALSE
465	task_C_en_test_0823	FALSE
466	task_C_en_test_0825	FALSE
467	task_C_en_test_0826	FALSE
468	task_C_en_test_0830	FALSE
469	task_C_en_test_0834	FALSE
470	task_C_en_test_0835	TRUE
471	task_C_en_test_0838	FALSE
472	task_C_en_test_0839	FALSE
473	task_C_en_test_0841	FALSE
474	task_C_en_test_0842	FALSE
475	task_C_en_test_0843	TRUE
476	task_C_en_test_0844	FALSE
477	task_C_en_test_0845	FALSE
478	task_C_en_test_0846	FALSE
479	task_C_en_test_0847	FALSE
480	task_C_en_test_0848	FALSE
481	task_C_en_test_0850	FALSE
482	task_C_en_test_0854	TRUE
483	task_C_en_test_0855	FALSE
484	task_C_en_test_0856	FALSE
485	task_C_en_test_0859	FALSE
486	task_C_en_test_0861	FALSE
487	task_C_en_test_0866	FALSE
488	task_C_en_test_0867	FALSE
489	task_C_en_test_0868	FALSE
490	task_C_en_test_0869	FALSE
491	task_C_en_test_0870	FALSE
492	task_C_en_test_0871	FALSE
493	task_C_en_test_0872	TRUE
494	task_C_en_test_0875	TRUE
495	task_C_en_test_0876	FALSE
496	task_C_en_test_0877	FALSE
497	task_C_en_test_0879	FALSE
498	task_C_en_test_0880	FALSE
499	task_C_en_test_0881	FALSE
500	task_C_en_test_0883	FALSE
501	task_C_en_test_0885	FALSE
502	task_C_en_test_0886	FALSE
503	task_C_en_test_0887	TRUE
504	task_C_en_test_0890	FALSE
505	task_C_en_test_0893	FALSE
506	task_C_en_test_0896	FALSE
507	task_C_en_test_0897	FALSE
508	task_C_en_test_0900	FALSE
509	task_C_en_test_0901	FALSE
510	task_C_en_test_0902	FALSE
511	task_C_en_test_0904	FALSE
512	task_C_en_test_0905	FALSE
513	task_C_en_test_0909	FALSE
514	task_C_en_test_0913	FALSE
515	task_C_en_test_0916	FALSE
516	task_C_en_test_0917	FALSE
517	task_C_en_test_0918	FALSE
518	task_C_en_test_0919	FALSE
519	task_C_en_test_0921	FALSE
520	task_C_en_test_0922	TRUE
521	task_C_en_test_0923	FALSE
522	task_C_en_test_0925	FALSE
523	task_C_en_test_0926	FALSE
524	task_C_en_test_0927	FALSE
525	task_C_en_test_0928	FALSE
526	task_C_en_test_0929	FALSE
527	task_C_en_test_0931	FALSE
528	task_C_en_test_0933	FALSE
529	task_C_en_test_0941	FALSE
530	task_C_en_test_0945	FALSE
531	task_C_en_test_0946	FALSE
532	task_C_en_test_0947	FALSE
533	task_C_en_test_0950	FALSE
534	task_C_en_test_0951	TRUE
535	task_C_en_test_0953	FALSE
536	task_C_en_test_0954	TRUE
537	task_C_en_test_0955	FALSE
538	task_C_en_test_0957	FALSE
539	task_C_en_test_0958	FALSE
540	task_C_en_test_0960	FALSE
541	task_C_en_test_0961	FALSE
542	task_C_en_test_0962	TRUE
543	task_C_en_test_0967	FALSE
544	task_C_en_test_0969	FALSE
545	task_C_en_test_0971	FALSE
546	task_C_en_test_0973	TRUE
547	task_C_en_test_0974	TRUE
548	task_C_en_test_0977	TRUE
549	task_C_en_test_0979	FALSE
550	task_C_en_test_0982	TRUE
551	task_C_en_test_0984	TRUE
552	task_C_en_test_0985	FALSE
553	task_C_en_test_0988	TRUE
554	task_C_en_test_0989	FALSE
555	task_C_en_test_0992	FALSE
556	task_C_en_test_0994	FALSE
557	task_C_en_test_0995	FALSE
558	task_C_en_test_0997	FALSE
559	task_C_en_test_1002	FALSE
560	task_C_en_test_1007	TRUE
561	task_C_en_test_1010	FALSE
562	task_C_en_test_1011	FALSE
563	task_C_en_test_1014	FALSE
564	task_C_en_test_1015	FALSE
565	task_C_en_test_1017	FALSE
566	task_C_en_test_1018	FALSE
567	task_C_en_test_1019	FALSE
568	task_C_en_test_1021	FALSE
569	task_C_en_test_1022	TRUE
570	task_C_en_test_1026	FALSE
571	task_C_en_test_1030	FALSE
572	task_C_en_test_1031	TRUE
573	task_C_en_test_1032	TRUE
574	task_C_en_test_1038	FALSE
575	task_C_en_test_1039	FALSE
576	task_C_en_test_1041	FALSE
577	task_C_en_test_1046	FALSE
578	task_C_en_test_1047	FALSE
579	task_C_en_test_1048	FALSE
580	task_C_en_test_1049	FALSE
581	task_C_en_test_1051	FALSE
582	task_C_en_test_1052	FALSE
583	task_C_en_test_1055	TRUE
584	task_C_en_test_1056	FALSE
585	task_C_en_test_1058	TRUE
586	task_C_en_test_1060	FALSE
587	task_C_en_test_1061	FALSE
588	task_C_en_test_1064	FALSE
589	task_C_en_test_1066	FALSE
590	task_C_en_test_1068	FALSE
591	task_C_en_test_1069	FALSE
592	task_C_en_test_1070	FALSE
593	task_C_en_test_1073	FALSE
594	task_C_en_test_1075	FALSE
595	task_C_en_test_1080	FALSE
596	task_C_en_test_1081	FALSE
597	task_C_en_test_1082	FALSE
598	task_C_en_test_1083	FALSE
599	task_C_en_test_1086	FALSE
600	task_C_en_test_1087	FALSE
601	task_C_en_test_1089	FALSE
602	task_C_en_test_1091	FALSE
603	task_C_en_test_1092	FALSE
604	task_C_en_test_1093	FALSE
605	task_C_en_test_1094	FALSE
606	task_C_en_test_1097	FALSE
607	task_C_en_test_1098	FALSE
608	task_C_en_test_1099	FALSE
609	task_C_en_test_1100	FALSE
610	task_C_en_test_1104	FALSE
611	task_C_en_test_1105	FALSE
612	task_C_en_test_1106	FALSE
613	task_C_en_test_1107	FALSE
614	task_C_en_test_1108	TRUE
615	task_C_en_test_1109	FALSE
616	task_C_en_test_1110	FALSE
617	task_C_en_test_1112	FALSE
618	task_C_en_test_1115	FALSE
619	task_C_en_test_1116	TRUE
620	task_C_en_test_1118	FALSE
621	task_C_en_test_1120	FALSE
622	task_C_en_test_1121	FALSE
623	task_C_en_test_1122	FALSE
624	task_C_en_test_1123	FALSE
625	task_C_en_test_1124	FALSE
626	task_C_en_test_1125	FALSE
627	task_C_en_test_1127	TRUE
628	task_C_en_test_1128	FALSE
629	task_C_en_test_1129	FALSE
630	task_C_en_test_1130	FALSE
631	task_C_en_test_1131	FALSE
632	task_C_en_test_1132	FALSE
633	task_C_en_test_1134	FALSE
634	task_C_en_test_1135	FALSE
635	task_C_en_test_1137	FALSE
636	task_C_en_test_1141	FALSE
637	task_C_en_test_1142	TRUE
638	task_C_en_test_1143	FALSE
639	task_C_en_test_1144	FALSE
640	task_C_en_test_1149	FALSE
641	task_C_en_test_1150	FALSE
642	task_C_en_test_1151	FALSE
643	task_C_en_test_1155	TRUE
644	task_C_en_test_1156	FALSE
645	task_C_en_test_1158	FALSE
646	task_C_en_test_1160	FALSE
647	task_C_en_test_1161	TRUE
648	task_C_en_test_1162	TRUE
649	task_C_en_test_1163	TRUE
650	task_C_en_test_1164	FALSE
651	task_C_en_test_1166	FALSE
652	task_C_en_test_1168	FALSE
653	task_C_en_test_1169	FALSE
654	task_C_en_test_1171	FALSE
655	task_C_en_test_1172	FALSE
656	task_C_en_test_1177	TRUE
657	task_C_en_test_1179	FALSE
658	task_C_en_test_1184	FALSE
659	task_C_en_test_1188	FALSE
660	task_C_en_test_1189	FALSE
661	task_C_en_test_1190	FALSE
662	task_C_en_test_1192	FALSE
663	task_C_en_test_1194	FALSE
664	task_C_en_test_1195	FALSE
665	task_C_en_test_1196	FALSE
666	task_C_en_test_1197	FALSE
667	task_C_en_test_1200	FALSE
668	task_C_en_test_1201	FALSE
669	task_C_en_test_1205	FALSE
670	task_C_en_test_1207	FALSE
671	task_C_en_test_1211	FALSE
672	task_C_en_test_1212	FALSE
673	task_C_en_test_1213	FALSE
674	task_C_en_test_1214	FALSE
675	task_C_en_test_1216	FALSE
676	task_C_en_test_1217	FALSE
677	task_C_en_test_1221	FALSE
678	task_C_en_test_1222	FALSE
679	task_C_en_test_1223	FALSE
680	task_C_en_test_1224	FALSE
681	task_C_en_test_1225	TRUE
682	task_C_en_test_1226	FALSE
683	task_C_en_test_1227	FALSE
684	task_C_en_test_1231	FALSE
685	task_C_en_test_1233	FALSE
686	task_C_en_test_1236	FALSE
687	task_C_en_test_1239	FALSE
688	task_C_en_test_1240	FALSE
689	task_C_en_test_1241	FALSE
690	task_C_en_test_1243	FALSE
691	task_C_en_test_1244	FALSE
692	task_C_en_test_1245	TRUE
693	task_C_en_test_1246	FALSE
694	task_C_en_test_1247	FALSE
695	task_C_en_test_1249	FALSE
696	task_C_en_test_1250	FALSE
697	task_C_en_test_1252	FALSE
698	task_C_en_test_1253	TRUE
699	task_C_en_test_1254	FALSE
700	task_C_en_test_1255	FALSE
701	task_C_en_test_1257	FALSE
702	task_C_en_test_1258	FALSE
703	task_C_en_test_1259	FALSE
704	task_C_en_test_1261	FALSE
705	task_C_en_test_1262	FALSE
706	task_C_en_test_1266	FALSE
707	task_C_en_test_1267	FALSE
708	task_C_en_test_1268	FALSE
709	task_C_en_test_1271	FALSE
710	task_C_en_test_1272	TRUE
711	task_C_en_test_1273	TRUE
712	task_C_en_test_1275	FALSE
713	task_C_en_test_1278	FALSE
714	task_C_en_test_1280	FALSE
715	task_C_en_test_1284	FALSE
716	task_C_en_test_1285	FALSE
717	task_C_en_test_1286	FALSE
718	task_C_en_test_1288	FALSE
719	task_C_en_test_1290	FALSE
720	task_C_en_test_1291	FALSE
721	task_C_en_test_1294	FALSE
722	task_C_en_test_1295	FALSE
723	task_C_en_test_1296	FALSE
724	task_C_en_test_1297	FALSE
725	task_C_en_test_1298	FALSE
726	task_C_en_test_1299	FALSE
727	task_C_en_test_1303	FALSE
728	task_C_en_test_1304	FALSE
729	task_C_en_test_1305	TRUE
730	task_C_en_test_1306	TRUE
731	task_C_en_test_1309	TRUE
732	task_C_en_test_1310	FALSE
733	task_C_en_test_1311	FALSE
734	task_C_en_test_1315	FALSE
735	task_C_en_test_1317	FALSE
736	task_C_en_test_1318	FALSE
737	task_C_en_test_1319	FALSE
738	task_C_en_test_1320	FALSE
739	task_C_en_test_1322	FALSE
740	task_C_en_test_1323	FALSE
741	task_C_en_test_1324	FALSE
742	task_C_en_test_1327	FALSE
743	task_C_en_test_1328	FALSE
744	task_C_en_test_1331	FALSE
745	task_C_en_test_1335	FALSE
746	task_C_en_test_1337	TRUE
747	task_C_en_test_1344	FALSE
748	task_C_en_test_1345	FALSE
749	task_C_en_test_1346	TRUE
750	task_C_en_test_1347	FALSE
751	task_C_en_test_1348	FALSE
752	task_C_en_test_1350	FALSE
753	task_C_en_test_1352	FALSE
754	task_C_en_test_1355	FALSE
755	task_C_en_test_1362	FALSE
756	task_C_en_test_1365	FALSE
757	task_C_en_test_1367	FALSE
758	task_C_en_test_1368	FALSE
759	task_C_en_test_1372	FALSE
760	task_C_en_test_1374	FALSE
761	task_C_en_test_1375	FALSE
762	task_C_en_test_1376	FALSE
763	task_C_en_test_1377	TRUE
764	task_C_en_test_1378	FALSE
765	task_C_en_test_1379	FALSE
766	task_C_en_test_1381	FALSE
767	task_C_en_test_1382	FALSE
768	task_C_en_test_1383	FALSE
769	task_C_en_test_1384	FALSE
770	task_C_en_test_1385	FALSE
771	task_C_en_test_1386	FALSE
772	task_C_en_test_1387	FALSE
773	task_C_en_test_1389	FALSE
774	task_C_en_test_1391	FALSE
775	task_C_en_test_1392	FALSE
776	task_C_en_test_1393	FALSE
777	task_C_en_test_1394	FALSE
778	task_C_en_test_1397	TRUE
779	task_C_en_test_1398	FALSE
780	task_C_en_test_1400	FALSE
781	task_C_en_test_1402	FALSE
782	task_C_en_test_1405	FALSE
783	task_C_en_test_1406	FALSE
784	task_C_en_test_1407	FALSE
785	task_C_en_test_1408	FALSE
786	task_C_en_test_1409	FALSE
787	task_C_en_test_1410	FALSE
788	task_C_en_test_1411	FALSE
789	task_C_en_test_1415	FALSE
790	task_C_en_test_1417	FALSE
791	task_C_en_test_1418	FALSE
792	task_C_en_test_1419	FALSE
793	task_C_en_test_1421	FALSE
794	task_C_en_test_1423	FALSE
795	task_C_en_test_1427	FALSE
796	task_C_en_test_1428	TRUE
797	task_C_en_test_1430	FALSE
798	task_C_en_test_1431	FALSE
799	task_C_en_test_1432	FALSE
800	task_C_en_test_1433	FALSE
801	task_C_en_test_1434	FALSE
802	task_C_en_test_1435	FALSE
803	task_C_en_test_1437	FALSE
804	task_C_en_test_1438	FALSE
805	task_C_en_test_1441	FALSE
806	task_C_en_test_1447	FALSE
807	task_C_en_test_1448	FALSE
808	task_C_en_test_1450	FALSE
809	task_C_en_test_1451	FALSE
810	task_C_en_test_1453	FALSE
811	task_C_en_test_1454	FALSE
812	task_C_en_test_1455	FALSE
813	task_C_en_test_1456	FALSE
814	task_C_en_test_1459	FALSE
815	task_C_en_test_1460	FALSE
816	task_C_en_test_1462	FALSE
817	task_C_en_test_1463	FALSE
818	task_C_en_test_1464	FALSE
819	task_C_en_test_1467	FALSE
820	task_C_en_test_1469	FALSE
821	task_C_en_test_1470	FALSE
822	task_C_en_test_1473	FALSE
823	task_C_en_test_1475	FALSE
824	task_C_en_test_1476	FALSE
825	task_C_en_test_1478	FALSE
826	task_C_en_test_1479	FALSE
827	task_C_en_test_1485	FALSE
828	task_C_en_test_1487	FALSE
829	task_C_en_test_1489	FALSE
830	task_C_en_test_1490	TRUE
831	task_C_en_test_1491	FALSE
832	task_C_en_test_1492	FALSE
833	task_C_en_test_1495	FALSE
834	task_C_en_test_1500	FALSE
835	task_C_en_test_1501	FALSE
836	task_C_en_test_1502	FALSE
837	task_C_en_test_1505	FALSE
838	task_C_en_test_1507	FALSE
839	task_C_en_test_1508	FALSE
840	task_C_en_test_1510	FALSE
841	task_C_en_test_1511	FALSE
842	task_C_en_test_1512	TRUE
843	task_C_en_test_1513	TRUE
844	task_C_en_test_1515	FALSE
845	task_C_en_test_1516	FALSE
846	task_C_en_test_1519	FALSE
847	task_C_en_test_1520	TRUE
848	task_C_en_test_1521	TRUE
849	task_C_en_test_1524	TRUE
850	task_C_en_test_1526	FALSE
851	task_C_en_test_1527	FALSE
852	task_C_en_test_1528	TRUE
853	task_C_en_test_1529	FALSE
854	task_C_en_test_1530	FALSE
855	task_C_en_test_1532	FALSE
856	task_C_en_test_1535	FALSE
857	task_C_en_test_1536	FALSE
858	task_C_en_test_1538	FALSE
859	task_C_en_test_1539	FALSE
860	task_C_en_test_1540	TRUE
861	task_C_en_test_1544	FALSE
862	task_C_en_test_1547	FALSE
863	task_C_en_test_1548	FALSE
864	task_C_en_test_1554	TRUE
865	task_C_en_test_1555	FALSE
866	task_C_en_test_1556	TRUE
867	task_C_en_test_1559	TRUE
868	task_C_en_test_1563	FALSE
869	task_C_en_test_1564	FALSE
870	task_C_en_test_1566	FALSE
871	task_C_en_test_1568	FALSE
872	task_C_en_test_1569	FALSE
873	task_C_en_test_1570	FALSE
874	task_C_en_test_1572	FALSE
875	task_C_en_test_1573	FALSE
876	task_C_en_test_1575	FALSE
877	task_C_en_test_1576	FALSE
878	task_C_en_test_1577	FALSE
879	task_C_en_test_1578	FALSE
880	task_C_en_test_1579	FALSE
881	task_C_en_test_1584	FALSE
882	task_C_en_test_1589	FALSE
883	task_C_en_test_1590	FALSE
884	task_C_en_test_1591	FALSE
885	task_C_en_test_1592	FALSE
886	task_C_en_test_1594	FALSE
887	task_C_en_test_1595	FALSE
888	task_C_en_test_1597	FALSE
889	task_C_en_test_1598	FALSE
890	task_C_en_test_1601	FALSE
891	task_C_en_test_1602	FALSE
892	task_C_en_test_1604	TRUE
893	task_C_en_test_1605	TRUE
894	task_C_en_test_1612	FALSE
895	task_C_en_test_1613	FALSE
896	task_C_en_test_1614	FALSE
897	task_C_en_test_1615	FALSE
898	task_C_en_test_1616	FALSE
899	task_C_en_test_1617	FALSE
900	task_C_en_test_1618	FALSE
901	task_C_en_test_1619	TRUE
902	task_C_en_test_1621	FALSE
903	task_C_en_test_1631	FALSE
904	task_C_en_test_1633	FALSE
905	task_C_en_test_1635	FALSE
906	task_C_en_test_1637	FALSE
907	task_C_en_test_1638	FALSE
908	task_C_en_test_1639	FALSE
909	task_C_en_test_1640	FALSE
910	task_C_en_test_1642	FALSE
911	task_C_en_test_1643	TRUE
912	task_C_en_test_1644	FALSE
913	task_C_en_test_1646	FALSE
914	task_C_en_test_1647	FALSE
915	task_C_en_test_1649	FALSE
916	task_C_en_test_1654	FALSE
917	task_C_en_test_1655	FALSE
918	task_C_en_test_1656	FALSE
919	task_C_en_test_1658	TRUE
920	task_C_en_test_1662	FALSE
921	task_C_en_test_1663	FALSE
922	task_C_en_test_1666	TRUE
923	task_C_en_test_1667	FALSE
924	task_C_en_test_1669	FALSE
925	task_C_en_test_1673	FALSE
926	task_C_en_test_1675	FALSE
927	task_C_en_test_1677	FALSE
928	task_C_en_test_1678	FALSE
929	task_C_en_test_1680	FALSE
930	task_C_en_test_1681	FALSE
931	task_C_en_test_1682	FALSE
932	task_C_en_test_1684	FALSE
933	task_C_en_test_1686	FALSE
934	task_C_en_test_1687	FALSE
935	task_C_en_test_1688	TRUE
936	task_C_en_test_1689	FALSE
937	task_C_en_test_1691	FALSE
938	task_C_en_test_1692	FALSE
939	task_C_en_test_1693	FALSE
940	task_C_en_test_1696	FALSE
941	task_C_en_test_1698	TRUE
942	task_C_en_test_1701	TRUE
943	task_C_en_test_1702	FALSE
944	task_C_en_test_1704	FALSE
945	task_C_en_test_1706	FALSE
946	task_C_en_test_1707	FALSE
947	task_C_en_test_1708	FALSE
948	task_C_en_test_1709	FALSE
949	task_C_en_test_1711	FALSE
950	task_C_en_test_1713	FALSE
951	task_C_en_test_1714	FALSE
952	task_C_en_test_1715	FALSE
953	task_C_en_test_1717	FALSE
954	task_C_en_test_1718	FALSE
955	task_C_en_test_1719	FALSE
956	task_C_en_test_1720	FALSE
957	task_C_en_test_1721	FALSE
958	task_C_en_test_1722	TRUE
959	task_C_en_test_1725	FALSE
960	task_C_en_test_1726	FALSE
961	task_C_en_test_1727	FALSE
962	task_C_en_test_1732	FALSE
963	task_C_en_test_1733	FALSE
964	task_C_en_test_1734	TRUE
965	task_C_en_test_1735	FALSE
966	task_C_en_test_1736	FALSE
967	task_C_en_test_1737	FALSE
968	task_C_en_test_1738	FALSE
969	task_C_en_test_1739	FALSE
970	task_C_en_test_1741	FALSE
971	task_C_en_test_1742	FALSE
972	task_C_en_test_1744	FALSE
973	task_C_en_test_1745	FALSE
974	task_C_en_test_1746	FALSE
975	task_C_en_test_1747	TRUE
976	task_C_en_test_1748	FALSE
977	task_C_en_test_1749	FALSE
978	task_C_en_test_1751	FALSE
979	task_C_en_test_1753	FALSE
980	task_C_en_test_1755	TRUE
981	task_C_en_test_1756	FALSE
982	task_C_en_test_1757	FALSE
983	task_C_en_test_1758	FALSE
984	task_C_en_test_1759	FALSE
985	task_C_en_test_1760	FALSE
986	task_C_en_test_1761	FALSE
987	task_C_en_test_1762	FALSE
988	task_C_en_test_1763	FALSE
989	task_C_en_test_1765	FALSE
990	task_C_en_test_1767	FALSE
991	task_C_en_test_1768	TRUE
992	task_C_en_test_1770	FALSE
993	task_C_en_test_1772	FALSE
994	task_C_en_test_1773	FALSE
995	task_C_en_test_1774	FALSE
996	task_C_en_test_1777	FALSE
997	task_C_en_test_1780	FALSE
998	task_C_en_test_1784	FALSE
999	task_C_en_test_1786	FALSE
1000	task_C_en_test_1788	FALSE
1001	task_C_en_test_1789	FALSE
1002	task_C_en_test_1790	TRUE
1003	task_C_en_test_1793	FALSE
1004	task_C_en_test_1794	FALSE
1005	task_C_en_test_1795	TRUE
1006	task_C_en_test_1797	FALSE
1007	task_C_en_test_1798	FALSE
1008	task_C_en_test_1799	FALSE
1009	task_C_en_test_1800	FALSE
1010	task_C_en_test_1801	FALSE
1011	task_C_en_test_1802	FALSE
1012	task_C_en_test_1804	FALSE
1013	task_C_en_test_1807	FALSE
1014	task_C_en_test_1810	FALSE
1015	task_C_en_test_1811	FALSE
1016	task_C_en_test_1814	FALSE
1017	task_C_en_test_1815	FALSE
1018	task_C_en_test_1816	FALSE
1019	task_C_en_test_1817	FALSE
1020	task_C_en_test_1818	FALSE
1021	task_C_en_test_1819	FALSE
1022	task_C_en_test_1820	FALSE
1023	task_C_en_test_1822	FALSE
1024	task_C_en_test_1823	FALSE
1025	task_C_en_test_1824	FALSE
1026	task_C_en_test_1829	FALSE
1027	task_C_en_test_1831	FALSE
1028	task_C_en_test_1834	TRUE
1029	task_C_en_test_1835	FALSE
1030	task_C_en_test_1839	FALSE
1031	task_C_en_test_1840	FALSE
1032	task_C_en_test_1841	FALSE
1033	task_C_en_test_1842	TRUE
1034	task_C_en_test_1843	FALSE
1035	task_C_en_test_1844	FALSE
1036	task_C_en_test_1845	FALSE
1037	task_C_en_test_1846	FALSE
1038	task_C_en_test_1848	FALSE
1039	task_C_en_test_1849	FALSE
1040	task_C_en_test_1850	FALSE
1041	task_C_en_test_1851	FALSE
1042	task_C_en_test_1852	FALSE
1043	task_C_en_test_1853	FALSE
1044	task_C_en_test_1855	FALSE
1045	task_C_en_test_1856	FALSE
1046	task_C_en_test_1857	FALSE
1047	task_C_en_test_1859	FALSE
1048	task_C_en_test_1860	FALSE
1049	task_C_en_test_1862	TRUE
1050	task_C_en_test_1865	FALSE
1051	task_C_en_test_1868	TRUE
1052	task_C_en_test_1869	FALSE
1053	task_C_en_test_1871	FALSE
1054	task_C_en_test_1872	FALSE
1055	task_C_en_test_1874	FALSE
1056	task_C_en_test_1877	FALSE
1057	task_C_en_test_1878	FALSE
1058	task_C_en_test_1879	FALSE
1059	task_C_en_test_1880	FALSE
1060	task_C_en_test_1883	FALSE
1061	task_C_en_test_1885	FALSE
1062	task_C_en_test_1888	FALSE
1063	task_C_en_test_1889	FALSE
1064	task_C_en_test_1890	TRUE
1065	task_C_en_test_1891	FALSE
1066	task_C_en_test_1892	FALSE
1067	task_C_en_test_1893	FALSE
1068	task_C_en_test_1894	TRUE
1069	task_C_en_test_1895	FALSE
1070	task_C_en_test_1896	FALSE
1071	task_C_en_test_1898	FALSE
1072	task_C_en_test_1900	FALSE
1073	task_C_en_test_1903	FALSE
1074	task_C_en_test_1905	FALSE
1075	task_C_en_test_1906	FALSE
1076	task_C_en_test_1907	FALSE
1077	task_C_en_test_1910	FALSE
1078	task_C_en_test_1915	FALSE
1079	task_C_en_test_1917	FALSE
1080	task_C_en_test_1919	FALSE
1081	task_C_en_test_1920	FALSE
1082	task_C_en_test_1922	FALSE
1083	task_C_en_test_1926	FALSE
1084	task_C_en_test_1932	FALSE
1085	task_C_en_test_1934	FALSE
1086	task_C_en_test_1936	FALSE
1087	task_C_en_test_1937	FALSE
1088	task_C_en_test_1938	FALSE
1089	task_C_en_test_1940	FALSE
1090	task_C_en_test_1941	FALSE
1091	task_C_en_test_1942	FALSE
1092	task_C_en_test_1944	FALSE
1093	task_C_en_test_1945	FALSE
1094	task_C_en_test_1946	FALSE
1095	task_C_en_test_1948	FALSE
1096	task_C_en_test_1949	TRUE
1097	task_C_en_test_1952	FALSE
1098	task_C_en_test_1954	FALSE
1099	task_C_en_test_1955	TRUE
1100	task_C_en_test_1956	FALSE
1101	task_C_en_test_1957	TRUE
1102	task_C_en_test_1958	FALSE
1103	task_C_en_test_1960	FALSE
1104	task_C_en_test_1961	FALSE
1105	task_C_en_test_1963	FALSE
1106	task_C_en_test_1965	FALSE
1107	task_C_en_test_1966	FALSE
1108	task_C_en_test_1968	FALSE
1109	task_C_en_test_1969	FALSE
1110	task_C_en_test_1970	FALSE
1111	task_C_en_test_1971	FALSE
1112	task_C_en_test_1972	FALSE
1113	task_C_en_test_1973	FALSE
1114	task_C_en_test_1974	FALSE
1115	task_C_en_test_1982	FALSE
1116	task_C_en_test_1984	FALSE
1117	task_C_en_test_1985	FALSE
1118	task_C_en_test_1987	FALSE
1119	task_C_en_test_1989	FALSE
1120	task_C_en_test_1990	FALSE
1121	task_C_en_test_1992	FALSE
1122	task_C_en_test_1995	FALSE
1123	task_C_en_test_1997	FALSE
1124	task_C_en_test_1998	FALSE
1125	task_C_en_test_1999	FALSE
1126	task_C_en_test_2000	FALSE
1127	task_C_en_test_2001	FALSE
1128	task_C_en_test_2003	FALSE
1129	task_C_en_test_2004	FALSE
1130	task_C_en_test_2005	FALSE
1131	task_C_en_test_2006	FALSE
1132	task_C_en_test_2008	TRUE
1133	task_C_en_test_2009	TRUE
1134	task_C_en_test_2010	FALSE
1135	task_C_en_test_2011	FALSE
1136	task_C_en_test_2014	FALSE
1137	task_C_en_test_2018	FALSE
1138	task_C_en_test_2020	FALSE
1139	task_C_en_test_2022	FALSE
1140	task_C_en_test_2023	FALSE
1141	task_C_en_test_2025	TRUE
1142	task_C_en_test_2027	FALSE
1143	task_C_en_test_2029	FALSE
1144	task_C_en_test_2031	TRUE
1145	task_C_en_test_2034	FALSE
1146	task_C_en_test_2035	FALSE
1147	task_C_en_test_2038	FALSE
1148	task_C_en_test_2041	FALSE
1149	task_C_en_test_2043	TRUE
1150	task_C_en_test_2044	FALSE
1151	task_C_en_test_2049	FALSE
1152	task_C_en_test_2050	FALSE
1153	task_C_en_test_2053	FALSE
1154	task_C_en_test_2055	FALSE
1155	task_C_en_test_2056	FALSE
1156	task_C_en_test_2057	FALSE
1157	task_C_en_test_2058	TRUE
1158	task_C_en_test_2060	TRUE
1159	task_C_en_test_2061	FALSE
1160	task_C_en_test_2062	FALSE
1161	task_C_en_test_2064	TRUE
1162	task_C_en_test_2066	FALSE
1163	task_C_en_test_2068	TRUE
1164	task_C_en_test_2071	FALSE
1165	task_C_en_test_2073	FALSE
1166	task_C_en_test_2074	FALSE
1167	task_C_en_test_2075	FALSE
1168	task_C_en_test_2077	FALSE
1169	task_C_en_test_2079	FALSE
1170	task_C_en_test_2080	FALSE
1171	task_C_en_test_2082	FALSE
1172	task_C_en_test_2084	FALSE
1173	task_C_en_test_2090	FALSE
1174	task_C_en_test_2091	FALSE
1175	task_C_en_test_2093	FALSE
1176	task_C_en_test_2095	FALSE
1177	task_C_en_test_2096	FALSE
1178	task_C_en_test_2098	FALSE
1179	task_C_en_test_2099	FALSE
1180	task_C_en_test_2100	FALSE
1181	task_C_en_test_2102	TRUE
1182	task_C_en_test_2105	FALSE
1183	task_C_en_test_2106	TRUE
1184	task_C_en_test_2109	FALSE
1185	task_C_en_test_2110	FALSE
1186	task_C_en_test_2115	FALSE
1187	task_C_en_test_2116	TRUE
1188	task_C_en_test_2117	FALSE
1189	task_C_en_test_2121	FALSE
1190	task_C_en_test_2122	FALSE
1191	task_C_en_test_2123	FALSE
1192	task_C_en_test_2125	TRUE
1193	task_C_en_test_2126	TRUE
1194	task_C_en_test_2129	FALSE
1195	task_C_en_test_2130	FALSE
1196	task_C_en_test_2131	TRUE
1197	task_C_en_test_2133	FALSE
1198	task_C_en_test_2135	FALSE
1199	task_C_en_test_2136	FALSE
1200	task_C_en_test_2137	FALSE
1201	task_C_en_test_2138	TRUE
1202	task_C_en_test_2139	FALSE
1203	task_C_en_test_2140	FALSE
1204	task_C_en_test_2144	TRUE
1205	task_C_en_test_2145	FALSE
1206	task_C_en_test_2147	TRUE
1207	task_C_en_test_2149	FALSE
1208	task_C_en_test_2152	FALSE
1209	task_C_en_test_2153	FALSE
1210	task_C_en_test_2154	FALSE
1211	task_C_en_test_2155	FALSE
1212	task_C_en_test_2159	FALSE
1213	task_C_en_test_2161	FALSE
1214	task_C_en_test_2164	FALSE
1215	task_C_en_test_2165	FALSE
1216	task_C_en_test_2167	TRUE
1217	task_C_en_test_2168	FALSE
1218	task_C_en_test_2170	TRUE
1219	task_C_en_test_2172	FALSE
1220	task_C_en_test_2174	FALSE
1221	task_C_en_test_2175	FALSE
1222	task_C_en_test_2176	TRUE
1223	task_C_en_test_2177	FALSE
1224	task_C_en_test_2178	FALSE
1225	task_C_en_test_2181	FALSE
1226	task_C_en_test_2182	FALSE
1227	task_C_en_test_2183	FALSE
1228	task_C_en_test_2184	TRUE
1229	task_C_en_test_2185	FALSE
1230	task_C_en_test_2187	FALSE
1231	task_C_en_test_2188	FALSE
1232	task_C_en_test_2189	FALSE
1233	task_C_en_test_2190	TRUE
1234	task_C_en_test_2194	FALSE
1235	task_C_en_test_2196	FALSE
1236	task_C_en_test_2197	FALSE
1237	task_C_en_test_2199	FALSE
1238	task_C_en_test_2204	FALSE
1239	task_C_en_test_2205	FALSE
1240	task_C_en_test_2206	FALSE
1241	task_C_en_test_2207	FALSE
1242	task_C_en_test_2208	FALSE
1243	task_C_en_test_2210	FALSE
1244	task_C_en_test_2211	FALSE
1245	task_C_en_test_2214	TRUE
1246	task_C_en_test_2217	FALSE
1247	task_C_en_test_2218	FALSE
1248	task_C_en_test_2220	FALSE
1249	task_C_en_test_2222	FALSE
1250	task_C_en_test_2225	FALSE
1251	task_C_en_test_2227	FALSE
1252	task_C_en_test_2228	FALSE
1253	task_C_en_test_2232	FALSE
1254	task_C_en_test_2234	FALSE
1255	task_C_en_test_2236	FALSE
1256	task_C_en_test_2237	FALSE
1257	task_C_en_test_2238	FALSE
1258	task_C_en_test_2240	FALSE
1259	task_C_en_test_2242	FALSE
1260	task_C_en_test_2244	FALSE
1261	task_C_en_test_2246	FALSE
1262	task_C_en_test_2247	FALSE
1263	task_C_en_test_2250	FALSE
1264	task_C_en_test_2252	FALSE
1265	task_C_en_test_2254	FALSE
1266	task_C_en_test_2255	FALSE
1267	task_C_en_test_2256	FALSE
1268	task_C_en_test_2259	FALSE
1269	task_C_en_test_2261	FALSE
1270	task_C_en_test_2262	FALSE
1271	task_C_en_test_2263	FALSE
1272	task_C_en_test_2264	FALSE
1273	task_C_en_test_2268	FALSE
1274	task_C_en_test_2269	FALSE
1275	task_C_en_test_2271	TRUE
1276	task_C_en_test_2273	FALSE
1277	task_C_en_test_2275	FALSE
1278	task_C_en_test_2276	FALSE
1279	task_C_en_test_2277	FALSE
1280	task_C_en_test_2278	FALSE
1281	task_C_en_test_2279	FALSE
1282	task_C_en_test_2280	FALSE
1283	task_C_en_test_2285	FALSE
1284	task_C_en_test_2287	FALSE
1285	task_C_en_test_2289	FALSE
1286	task_C_en_test_2290	FALSE
1287	task_C_en_test_2293	FALSE
1288	task_C_en_test_2294	FALSE
1289	task_C_en_test_2295	FALSE
1290	task_C_en_test_2296	FALSE
1291	task_C_en_test_2298	FALSE
1292	task_C_en_test_2300	TRUE
1293	task_C_en_test_2303	FALSE
1294	task_C_en_test_2304	FALSE
1295	task_C_en_test_2306	FALSE
1296	task_C_en_test_2310	FALSE
1297	task_C_en_test_2314	FALSE
1298	task_C_en_test_2316	FALSE
1299	task_C_en_test_2318	FALSE
1300	task_C_en_test_2319	FALSE
1301	task_C_en_test_2323	TRUE
1302	task_C_en_test_2324	FALSE
1303	task_C_en_test_2325	FALSE
1304	task_C_en_test_2327	FALSE
1305	task_C_en_test_2329	FALSE
1306	task_C_en_test_2331	FALSE
1307	task_C_en_test_2333	FALSE
1308	task_C_en_test_2336	TRUE
1309	task_C_en_test_2337	FALSE
1310	task_C_en_test_2338	FALSE
1311	task_C_en_test_2339	FALSE
1312	task_C_en_test_2340	FALSE
1313	task_C_en_test_2342	FALSE
1314	task_C_en_test_2343	FALSE
1315	task_C_en_test_2345	FALSE
1316	task_C_en_test_2346	FALSE
1317	task_C_en_test_2347	FALSE
1318	task_C_en_test_2348	FALSE
1319	task_C_en_test_2350	FALSE
1320	task_C_en_test_2351	FALSE
1321	task_C_en_test_2354	FALSE
1322	task_C_en_test_2355	FALSE
1323	task_C_en_test_2357	FALSE
1324	task_C_en_test_2358	TRUE
1325	task_C_en_test_2360	FALSE
1326	task_C_en_test_2364	FALSE
1327	task_C_en_test_2369	FALSE
1328	task_C_en_test_2371	FALSE
1329	task_C_en_test_2372	FALSE
1330	task_C_en_test_2373	FALSE
1331	task_C_en_test_2374	FALSE
1332	task_C_en_test_2376	FALSE
1333	task_C_en_test_2378	FALSE
1334	task_C_en_test_2385	FALSE
1335	task_C_en_test_2386	FALSE
1336	task_C_en_test_2387	TRUE
1337	task_C_en_test_2388	FALSE
1338	task_C_en_test_2391	FALSE
1339	task_C_en_test_2392	FALSE
1340	task_C_en_test_2393	TRUE
1341	task_C_en_test_2394	FALSE
1342	task_C_en_test_2397	FALSE
1343	task_C_en_test_2400	TRUE
1344	task_C_en_test_2403	FALSE
1345	task_C_en_test_2404	FALSE
1346	task_C_en_test_2405	FALSE
1347	task_C_en_test_2406	TRUE
1348	task_C_en_test_2407	FALSE
1349	task_C_en_test_2409	FALSE
1350	task_C_en_test_2411	FALSE
1351	task_C_en_test_2416	TRUE
1352	task_C_en_test_2420	FALSE
1353	task_C_en_test_2421	FALSE
1354	task_C_en_test_2423	FALSE
1355	task_C_en_test_2425	FALSE
1356	task_C_en_test_2427	FALSE
1357	task_C_en_test_2430	FALSE
1358	task_C_en_test_2431	FALSE
1359	task_C_en_test_2433	FALSE
1360	task_C_en_test_2437	TRUE
1361	task_C_en_test_2438	TRUE
1362	task_C_en_test_2441	FALSE
1363	task_C_en_test_2443	FALSE
1364	task_C_en_test_2445	FALSE
1365	task_C_en_test_2448	FALSE
1366	task_C_en_test_2450	FALSE
1367	task_C_en_test_2451	FALSE
1368	task_C_en_test_2454	FALSE
1369	task_C_en_test_2455	FALSE
1370	task_C_en_test_2456	FALSE
1371	task_C_en_test_2460	FALSE
1372	task_C_en_test_2461	FALSE
1373	task_C_en_test_2463	FALSE
1374	task_C_en_test_2465	FALSE
1375	task_C_en_test_2470	FALSE
1376	task_C_en_test_2472	FALSE
1377	task_C_en_test_2473	FALSE
1378	task_C_en_test_2474	FALSE
1379	task_C_en_test_2475	FALSE
1380	task_C_en_test_2476	FALSE
1381	task_C_en_test_2477	FALSE
1382	task_C_en_test_2481	FALSE
1383	task_C_en_test_2482	FALSE
1384	task_C_en_test_2483	TRUE
1385	task_C_en_test_2484	FALSE
1386	task_C_en_test_2485	FALSE
1387	task_C_en_test_2486	FALSE
1388	task_C_en_test_2487	TRUE
1389	task_C_en_test_2488	FALSE
1390	task_C_en_test_2489	FALSE
1391	task_C_en_test_2492	FALSE
1392	task_C_en_test_2494	FALSE
1393	task_C_en_test_2497	FALSE
1394	task_C_en_test_2499	FALSE
1395	task_C_en_test_2502	FALSE
1396	task_C_en_test_2503	FALSE
1397	task_C_en_test_2504	FALSE
1398	task_C_en_test_2505	FALSE
1399	task_C_en_test_2507	FALSE
1400	task_C_en_test_2508	FALSE
1401	task_C_en_test_2512	TRUE
1402	task_C_en_test_2514	FALSE
1403	task_C_en_test_2515	FALSE
1404	task_C_en_test_2516	FALSE
1405	task_C_en_test_2519	FALSE
1406	task_C_en_test_2520	FALSE
1407	task_C_en_test_2521	FALSE
1408	task_C_en_test_2522	FALSE
1409	task_C_en_test_2523	FALSE
1410	task_C_en_test_2524	FALSE
1411	task_C_en_test_2525	FALSE
1412	task_C_en_test_2526	FALSE
1413	task_C_en_test_2528	TRUE
1414	task_C_en_test_2529	FALSE
1415	task_C_en_test_2530	FALSE
1416	task_C_en_test_2532	FALSE
1417	task_C_en_test_2533	FALSE
1418	task_C_en_test_2534	FALSE
1419	task_C_en_test_2536	FALSE
1420	task_C_en_test_2537	FALSE
1421	task_C_en_test_2538	FALSE
1422	task_C_en_test_2539	FALSE
1423	task_C_en_test_2541	FALSE
1424	task_C_en_test_2543	FALSE
1425	task_C_en_test_2544	FALSE
1426	task_C_en_test_2546	FALSE
1427	task_C_en_test_2547	FALSE
1428	task_C_en_test_2548	FALSE
1429	task_C_en_test_2549	TRUE
1430	task_C_en_test_2551	FALSE
1431	task_C_en_test_2555	FALSE
