	File_name	Label
0	task_B_en_test_0021	False
1	task_B_en_test_0006	False
2	task_B_en_test_0018	True
3	task_B_en_test_0019	False
4	task_B_en_test_0003	False
5	task_B_en_test_0014	False
6	task_B_en_test_0029	False
7	task_B_en_test_0027	False
8	task_B_en_test_0009	True
9	task_B_en_test_0025	False
10	task_B_en_test_0058	False
11	task_B_en_test_0038	False
12	task_B_en_test_0050	False
13	task_B_en_test_0052	False
14	task_B_en_test_0059	False
15	task_B_en_test_0064	False
16	task_B_en_test_0036	False
17	task_B_en_test_0045	False
18	task_B_en_test_0041	False
19	task_B_en_test_0053	False
20	task_B_en_test_0066	True
21	task_B_en_test_0107	False
22	task_B_en_test_0077	False
23	task_B_en_test_0094	False
24	task_B_en_test_0080	False
25	task_B_en_test_0082	False
26	task_B_en_test_0086	True
27	task_B_en_test_0084	False
28	task_B_en_test_0065	False
29	task_B_en_test_0103	False
30	task_B_en_test_0118	True
31	task_B_en_test_0114	False
32	task_B_en_test_0126	False
33	task_B_en_test_0111	False
34	task_B_en_test_0120	False
35	task_B_en_test_0109	True
36	task_B_en_test_0108	False
37	task_B_en_test_0124	False
38	task_B_en_test_0122	False
39	task_B_en_test_0112	False
40	task_B_en_test_0141	False
41	task_B_en_test_0143	False
42	task_B_en_test_0129	False
43	task_B_en_test_0134	False
44	task_B_en_test_0139	False
45	task_B_en_test_0135	False
46	task_B_en_test_0138	False
47	task_B_en_test_0132	False
48	task_B_en_test_0136	False
49	task_B_en_test_0127	False
50	task_B_en_test_0167	False
51	task_B_en_test_0150	False
52	task_B_en_test_0168	False
53	task_B_en_test_0149	False
54	task_B_en_test_0147	False
55	task_B_en_test_0157	False
56	task_B_en_test_0152	False
57	task_B_en_test_0146	False
58	task_B_en_test_0155	False
59	task_B_en_test_0159	False
60	task_B_en_test_0172	False
61	task_B_en_test_0176	False
62	task_B_en_test_0181	False
63	task_B_en_test_0179	False
64	task_B_en_test_0187	False
65	task_B_en_test_0189	True
66	task_B_en_test_0188	False
67	task_B_en_test_0170	False
68	task_B_en_test_0182	False
69	task_B_en_test_0183	False
70	task_B_en_test_0214	False
71	task_B_en_test_0194	False
72	task_B_en_test_0197	False
73	task_B_en_test_0191	False
74	task_B_en_test_0213	False
75	task_B_en_test_0202	False
76	task_B_en_test_0218	False
77	task_B_en_test_0204	False
78	task_B_en_test_0219	False
79	task_B_en_test_0208	False
80	task_B_en_test_0233	False
81	task_B_en_test_0228	False
82	task_B_en_test_0229	False
83	task_B_en_test_0232	False
84	task_B_en_test_0236	False
85	task_B_en_test_0225	False
86	task_B_en_test_0235	True
87	task_B_en_test_0226	False
88	task_B_en_test_0224	False
89	task_B_en_test_0242	False
90	task_B_en_test_0263	False
91	task_B_en_test_0258	False
92	task_B_en_test_0243	False
93	task_B_en_test_0254	False
94	task_B_en_test_0257	False
95	task_B_en_test_0261	False
96	task_B_en_test_0267	False
97	task_B_en_test_0268	False
98	task_B_en_test_0260	False
99	task_B_en_test_0251	False
100	task_B_en_test_0283	False
101	task_B_en_test_0285	False
102	task_B_en_test_0274	False
103	task_B_en_test_0277	False
104	task_B_en_test_0281	False
105	task_B_en_test_0284	False
106	task_B_en_test_0270	False
107	task_B_en_test_0271	False
108	task_B_en_test_0287	False
109	task_B_en_test_0282	False
110	task_B_en_test_0311	True
111	task_B_en_test_0312	False
112	task_B_en_test_0298	False
113	task_B_en_test_0307	False
114	task_B_en_test_0308	False
115	task_B_en_test_0293	False
116	task_B_en_test_0306	False
117	task_B_en_test_0290	True
118	task_B_en_test_0302	False
119	task_B_en_test_0304	False
120	task_B_en_test_0330	False
121	task_B_en_test_0314	False
122	task_B_en_test_0324	False
123	task_B_en_test_0321	False
124	task_B_en_test_0322	True
125	task_B_en_test_0327	False
126	task_B_en_test_0332	False
127	task_B_en_test_0319	False
128	task_B_en_test_0329	False
129	task_B_en_test_0336	False
130	task_B_en_test_0363	False
131	task_B_en_test_0361	False
132	task_B_en_test_0345	False
133	task_B_en_test_0360	False
134	task_B_en_test_0359	False
135	task_B_en_test_0354	False
136	task_B_en_test_0344	False
137	task_B_en_test_0362	False
138	task_B_en_test_0338	False
139	task_B_en_test_0351	True
140	task_B_en_test_0368	True
141	task_B_en_test_0374	False
142	task_B_en_test_0377	False
143	task_B_en_test_0372	False
144	task_B_en_test_0366	False
145	task_B_en_test_0382	False
146	task_B_en_test_0364	True
147	task_B_en_test_0375	False
148	task_B_en_test_0370	False
149	task_B_en_test_0378	False
150	task_B_en_test_0404	False
151	task_B_en_test_0388	False
152	task_B_en_test_0385	False
153	task_B_en_test_0390	False
154	task_B_en_test_0405	False
155	task_B_en_test_0384	False
156	task_B_en_test_0400	False
157	task_B_en_test_0392	False
158	task_B_en_test_0399	False
159	task_B_en_test_0407	False
160	task_B_en_test_0419	False
161	task_B_en_test_0420	False
162	task_B_en_test_0410	False
163	task_B_en_test_0413	False
164	task_B_en_test_0411	False
165	task_B_en_test_0425	False
166	task_B_en_test_0422	False
167	task_B_en_test_0412	False
168	task_B_en_test_0423	False
169	task_B_en_test_0408	False
170	task_B_en_test_0441	False
171	task_B_en_test_0444	False
172	task_B_en_test_0433	False
173	task_B_en_test_0430	False
174	task_B_en_test_0439	False
175	task_B_en_test_0431	False
176	task_B_en_test_0438	False
177	task_B_en_test_0434	False
178	task_B_en_test_0427	True
179	task_B_en_test_0436	False
180	task_B_en_test_0460	False
181	task_B_en_test_0447	True
182	task_B_en_test_0451	False
183	task_B_en_test_0458	False
184	task_B_en_test_0448	False
185	task_B_en_test_0464	False
186	task_B_en_test_0450	False
187	task_B_en_test_0455	False
188	task_B_en_test_0452	False
189	task_B_en_test_0465	False
190	task_B_en_test_0485	False
191	task_B_en_test_0479	False
192	task_B_en_test_0468	False
193	task_B_en_test_0472	False
194	task_B_en_test_0486	False
195	task_B_en_test_0488	True
196	task_B_en_test_0478	True
197	task_B_en_test_0474	False
198	task_B_en_test_0469	False
199	task_B_en_test_0487	False
200	task_B_en_test_0527	False
201	task_B_en_test_0521	False
202	task_B_en_test_0491	False
203	task_B_en_test_0490	False
204	task_B_en_test_0535	False
205	task_B_en_test_0494	False
206	task_B_en_test_0530	False
207	task_B_en_test_0515	False
208	task_B_en_test_0510	False
209	task_B_en_test_0514	False
210	task_B_en_test_0553	False
211	task_B_en_test_0537	False
212	task_B_en_test_0541	False
213	task_B_en_test_0563	False
214	task_B_en_test_0565	False
215	task_B_en_test_0540	False
216	task_B_en_test_0564	False
217	task_B_en_test_0552	False
218	task_B_en_test_0547	False
219	task_B_en_test_0543	False
220	task_B_en_test_0595	False
221	task_B_en_test_0571	False
222	task_B_en_test_0590	False
223	task_B_en_test_0586	False
224	task_B_en_test_0582	False
225	task_B_en_test_0585	False
226	task_B_en_test_0566	False
227	task_B_en_test_0580	False
228	task_B_en_test_0572	False
229	task_B_en_test_0581	False
230	task_B_en_test_0624	False
231	task_B_en_test_0610	False
232	task_B_en_test_0597	False
233	task_B_en_test_0628	True
234	task_B_en_test_0619	False
235	task_B_en_test_0629	False
236	task_B_en_test_0618	False
237	task_B_en_test_0605	False
238	task_B_en_test_0604	False
239	task_B_en_test_0615	True
240	task_B_en_test_0634	False
241	task_B_en_test_0649	True
242	task_B_en_test_0648	False
243	task_B_en_test_0631	False
244	task_B_en_test_0645	False
245	task_B_en_test_0644	False
246	task_B_en_test_0647	False
247	task_B_en_test_0637	False
248	task_B_en_test_0653	False
249	task_B_en_test_0640	False
250	task_B_en_test_0677	False
251	task_B_en_test_0663	False
252	task_B_en_test_0657	False
253	task_B_en_test_0683	True
254	task_B_en_test_0670	False
255	task_B_en_test_0685	False
256	task_B_en_test_0671	False
257	task_B_en_test_0658	False
258	task_B_en_test_0678	False
259	task_B_en_test_0661	False
260	task_B_en_test_0688	False
261	task_B_en_test_0690	False
262	task_B_en_test_0693	False
263	task_B_en_test_0696	False
264	task_B_en_test_0694	False
265	task_B_en_test_0686	False
266	task_B_en_test_0697	False
267	task_B_en_test_0695	True
268	task_B_en_test_0689	False
269	task_B_en_test_0691	True
270	task_B_en_test_0720	False
271	task_B_en_test_0701	False
272	task_B_en_test_0733	False
273	task_B_en_test_0727	False
274	task_B_en_test_0715	False
275	task_B_en_test_0709	False
276	task_B_en_test_0732	False
277	task_B_en_test_0708	False
278	task_B_en_test_0730	False
279	task_B_en_test_0714	False
280	task_B_en_test_0742	False
281	task_B_en_test_0736	False
282	task_B_en_test_0747	False
283	task_B_en_test_0735	False
284	task_B_en_test_0739	False
285	task_B_en_test_0757	False
286	task_B_en_test_0752	False
287	task_B_en_test_0755	False
288	task_B_en_test_0758	False
289	task_B_en_test_0734	False
290	task_B_en_test_0784	False
291	task_B_en_test_0769	False
292	task_B_en_test_0767	False
293	task_B_en_test_0780	False
294	task_B_en_test_0765	False
295	task_B_en_test_0783	False
296	task_B_en_test_0788	False
297	task_B_en_test_0779	False
298	task_B_en_test_0777	False
299	task_B_en_test_0773	False
300	task_B_en_test_0820	False
301	task_B_en_test_0795	False
302	task_B_en_test_0797	False
303	task_B_en_test_0793	False
304	task_B_en_test_0809	False
305	task_B_en_test_0821	False
306	task_B_en_test_0813	False
307	task_B_en_test_0812	False
308	task_B_en_test_0798	False
309	task_B_en_test_0814	False
310	task_B_en_test_0836	False
311	task_B_en_test_0824	False
312	task_B_en_test_0837	False
313	task_B_en_test_0827	False
314	task_B_en_test_0829	False
315	task_B_en_test_0831	False
316	task_B_en_test_0840	False
317	task_B_en_test_0828	False
318	task_B_en_test_0832	False
319	task_B_en_test_0833	False
320	task_B_en_test_0852	False
321	task_B_en_test_0853	False
322	task_B_en_test_0863	False
323	task_B_en_test_0865	False
324	task_B_en_test_0851	False
325	task_B_en_test_0873	False
326	task_B_en_test_0864	False
327	task_B_en_test_0858	False
328	task_B_en_test_0860	False
329	task_B_en_test_0862	False
330	task_B_en_test_0894	False
331	task_B_en_test_0898	False
332	task_B_en_test_0884	False
333	task_B_en_test_0888	False
334	task_B_en_test_0899	False
335	task_B_en_test_0891	False
336	task_B_en_test_0882	False
337	task_B_en_test_0895	False
338	task_B_en_test_0874	False
339	task_B_en_test_0892	False
340	task_B_en_test_0910	False
341	task_B_en_test_0908	False
342	task_B_en_test_0911	False
343	task_B_en_test_0915	False
344	task_B_en_test_0920	False
345	task_B_en_test_0906	False
346	task_B_en_test_0914	False
347	task_B_en_test_0903	True
348	task_B_en_test_0907	False
349	task_B_en_test_0912	False
350	task_B_en_test_0934	False
351	task_B_en_test_0938	False
352	task_B_en_test_0939	False
353	task_B_en_test_0930	False
354	task_B_en_test_0924	False
355	task_B_en_test_0940	False
356	task_B_en_test_0937	False
357	task_B_en_test_0932	False
358	task_B_en_test_0935	False
359	task_B_en_test_0936	False
360	task_B_en_test_0959	True
361	task_B_en_test_0963	False
362	task_B_en_test_0964	False
363	task_B_en_test_0944	False
364	task_B_en_test_0943	False
365	task_B_en_test_0942	False
366	task_B_en_test_0966	True
367	task_B_en_test_0952	False
368	task_B_en_test_0949	False
369	task_B_en_test_0956	False
370	task_B_en_test_0972	False
371	task_B_en_test_0968	False
372	task_B_en_test_0975	False
373	task_B_en_test_0983	False
374	task_B_en_test_0980	False
375	task_B_en_test_0981	False
376	task_B_en_test_0976	False
377	task_B_en_test_0986	False
378	task_B_en_test_0978	False
379	task_B_en_test_0970	True
380	task_B_en_test_1001	False
381	task_B_en_test_0990	False
382	task_B_en_test_0993	False
383	task_B_en_test_0998	False
384	task_B_en_test_0991	True
385	task_B_en_test_0987	False
386	task_B_en_test_0996	False
387	task_B_en_test_1003	False
388	task_B_en_test_0999	False
389	task_B_en_test_1000	False
390	task_B_en_test_1020	True
391	task_B_en_test_1009	False
392	task_B_en_test_1008	False
393	task_B_en_test_1016	False
394	task_B_en_test_1023	False
395	task_B_en_test_1013	False
396	task_B_en_test_1005	False
397	task_B_en_test_1006	False
398	task_B_en_test_1004	False
399	task_B_en_test_1012	False
400	task_B_en_test_1040	False
401	task_B_en_test_1027	False
402	task_B_en_test_1037	False
403	task_B_en_test_1036	True
404	task_B_en_test_1034	True
405	task_B_en_test_1025	False
406	task_B_en_test_1033	False
407	task_B_en_test_1029	False
408	task_B_en_test_1024	True
409	task_B_en_test_1042	False
410	task_B_en_test_1067	False
411	task_B_en_test_1053	False
412	task_B_en_test_1054	False
413	task_B_en_test_1059	False
414	task_B_en_test_1065	False
415	task_B_en_test_1044	False
416	task_B_en_test_1063	False
417	task_B_en_test_1057	False
418	task_B_en_test_1045	False
419	task_B_en_test_1043	False
420	task_B_en_test_1085	False
421	task_B_en_test_1074	False
422	task_B_en_test_1077	False
423	task_B_en_test_1090	False
424	task_B_en_test_1071	False
425	task_B_en_test_1084	False
426	task_B_en_test_1078	False
427	task_B_en_test_1088	False
428	task_B_en_test_1079	False
429	task_B_en_test_1072	False
430	task_B_en_test_2553	False
431	task_B_en_test_2554	False
432	task_B_en_test_1117	False
433	task_B_en_test_1133	False
434	task_B_en_test_1136	False
435	task_B_en_test_1119	False
436	task_B_en_test_1138	False
437	task_B_en_test_2545	True
438	task_B_en_test_2552	False
439	task_B_en_test_2542	False
440	task_B_en_test_2550	False
441	task_B_en_test_2540	False
442	task_B_en_test_2531	False
443	task_B_en_test_2517	False
444	task_B_en_test_2535	False
445	task_B_en_test_2527	False
446	task_B_en_test_2518	False
447	task_B_en_test_2493	False
448	task_B_en_test_2496	False
449	task_B_en_test_2498	False
450	task_B_en_test_2495	False
451	task_B_en_test_2500	False
452	task_B_en_test_2513	False
453	task_B_en_test_2509	False
454	task_B_en_test_2510	False
455	task_B_en_test_2501	False
456	task_B_en_test_2511	False
457	task_B_en_test_2491	True
458	task_B_en_test_2480	False
459	task_B_en_test_2478	False
460	task_B_en_test_2479	False
461	task_B_en_test_2490	False
462	task_B_en_test_2464	False
463	task_B_en_test_2466	False
464	task_B_en_test_2467	False
465	task_B_en_test_2471	False
466	task_B_en_test_2468	False
467	task_B_en_test_2462	False
468	task_B_en_test_2458	False
469	task_B_en_test_2459	True
470	task_B_en_test_2457	False
471	task_B_en_test_2453	False
472	task_B_en_test_2452	False
473	task_B_en_test_2440	False
474	task_B_en_test_2446	False
475	task_B_en_test_2442	False
476	task_B_en_test_2439	False
477	task_B_en_test_2432	False
478	task_B_en_test_2429	False
479	task_B_en_test_2435	False
480	task_B_en_test_2434	False
481	task_B_en_test_2426	False
482	task_B_en_test_2422	False
483	task_B_en_test_2417	False
484	task_B_en_test_2418	False
485	task_B_en_test_2415	False
486	task_B_en_test_2419	False
487	task_B_en_test_2414	False
488	task_B_en_test_2413	False
489	task_B_en_test_2408	False
490	task_B_en_test_2412	False
491	task_B_en_test_2410	False
492	task_B_en_test_2402	False
493	task_B_en_test_2401	False
494	task_B_en_test_2398	False
495	task_B_en_test_2399	False
496	task_B_en_test_2396	False
497	task_B_en_test_2395	False
498	task_B_en_test_2389	False
499	task_B_en_test_2390	False
500	task_B_en_test_2382	False
501	task_B_en_test_2383	False
502	task_B_en_test_2381	False
503	task_B_en_test_2380	True
504	task_B_en_test_2377	False
505	task_B_en_test_2379	True
506	task_B_en_test_2375	True
507	task_B_en_test_2368	False
508	task_B_en_test_2365	False
509	task_B_en_test_2370	True
510	task_B_en_test_2363	False
511	task_B_en_test_2367	False
512	task_B_en_test_2356	False
513	task_B_en_test_2353	False
514	task_B_en_test_2361	False
515	task_B_en_test_2362	False
516	task_B_en_test_2359	False
517	task_B_en_test_2332	True
518	task_B_en_test_2344	False
519	task_B_en_test_2334	False
520	task_B_en_test_2335	False
521	task_B_en_test_2341	True
522	task_B_en_test_2321	False
523	task_B_en_test_2326	False
524	task_B_en_test_2328	False
525	task_B_en_test_2320	False
526	task_B_en_test_2330	False
527	task_B_en_test_2309	False
528	task_B_en_test_2317	False
529	task_B_en_test_2312	False
530	task_B_en_test_2315	True
531	task_B_en_test_2311	False
532	task_B_en_test_2305	False
533	task_B_en_test_2301	False
534	task_B_en_test_2307	False
535	task_B_en_test_2302	False
536	task_B_en_test_2308	False
537	task_B_en_test_2286	False
538	task_B_en_test_2299	False
539	task_B_en_test_2291	False
540	task_B_en_test_2297	False
541	task_B_en_test_2288	False
542	task_B_en_test_2282	False
543	task_B_en_test_2274	True
544	task_B_en_test_2283	False
545	task_B_en_test_2272	False
546	task_B_en_test_2270	False
547	task_B_en_test_2266	False
548	task_B_en_test_2257	False
549	task_B_en_test_2265	False
550	task_B_en_test_2260	False
551	task_B_en_test_2267	False
552	task_B_en_test_2249	True
553	task_B_en_test_2251	False
554	task_B_en_test_2253	False
555	task_B_en_test_2248	False
556	task_B_en_test_2245	False
557	task_B_en_test_2233	False
558	task_B_en_test_2241	False
559	task_B_en_test_2243	False
560	task_B_en_test_2239	False
561	task_B_en_test_2235	False
562	task_B_en_test_2230	False
563	task_B_en_test_2226	False
564	task_B_en_test_2224	False
565	task_B_en_test_2231	False
566	task_B_en_test_2229	False
567	task_B_en_test_2219	False
568	task_B_en_test_2221	False
569	task_B_en_test_2213	False
570	task_B_en_test_2215	False
571	task_B_en_test_2223	True
572	task_B_en_test_2201	False
573	task_B_en_test_2202	False
574	task_B_en_test_2209	False
575	task_B_en_test_2200	False
576	task_B_en_test_2203	False
577	task_B_en_test_2180	False
578	task_B_en_test_2195	False
579	task_B_en_test_2186	False
580	task_B_en_test_2193	False
581	task_B_en_test_2192	False
582	task_B_en_test_2173	False
583	task_B_en_test_2179	False
584	task_B_en_test_2162	False
585	task_B_en_test_2169	False
586	task_B_en_test_2166	False
587	task_B_en_test_2157	True
588	task_B_en_test_2160	False
589	task_B_en_test_2158	False
590	task_B_en_test_2150	False
591	task_B_en_test_2156	False
592	task_B_en_test_2134	False
593	task_B_en_test_2141	False
594	task_B_en_test_2148	False
595	task_B_en_test_2132	False
596	task_B_en_test_2142	False
597	task_B_en_test_2124	False
598	task_B_en_test_2119	False
599	task_B_en_test_2128	False
600	task_B_en_test_2120	False
601	task_B_en_test_2127	False
602	task_B_en_test_2103	False
603	task_B_en_test_2111	False
604	task_B_en_test_2113	False
605	task_B_en_test_2112	False
606	task_B_en_test_2101	False
607	task_B_en_test_2092	False
608	task_B_en_test_2087	False
609	task_B_en_test_2088	False
610	task_B_en_test_2097	False
611	task_B_en_test_2089	False
612	task_B_en_test_2081	False
613	task_B_en_test_2086	False
614	task_B_en_test_2078	True
615	task_B_en_test_2076	False
616	task_B_en_test_2085	False
617	task_B_en_test_2065	False
618	task_B_en_test_2070	False
619	task_B_en_test_2072	False
620	task_B_en_test_2069	False
621	task_B_en_test_2067	False
622	task_B_en_test_2054	False
623	task_B_en_test_2052	False
624	task_B_en_test_2048	False
625	task_B_en_test_2051	False
626	task_B_en_test_2063	False
627	task_B_en_test_2046	False
628	task_B_en_test_2042	False
629	task_B_en_test_2047	False
630	task_B_en_test_2045	False
631	task_B_en_test_2040	False
632	task_B_en_test_2036	False
633	task_B_en_test_2030	True
634	task_B_en_test_2032	False
635	task_B_en_test_2037	False
636	task_B_en_test_2028	True
637	task_B_en_test_2017	False
638	task_B_en_test_2026	False
639	task_B_en_test_2024	False
640	task_B_en_test_2021	False
641	task_B_en_test_2019	False
642	task_B_en_test_2015	False
643	task_B_en_test_2007	False
644	task_B_en_test_2012	False
645	task_B_en_test_2016	False
646	task_B_en_test_2013	False
647	task_B_en_test_1991	False
648	task_B_en_test_1993	False
649	task_B_en_test_1996	False
650	task_B_en_test_1994	False
651	task_B_en_test_2002	False
652	task_B_en_test_1988	True
653	task_B_en_test_1978	False
654	task_B_en_test_1980	False
655	task_B_en_test_1979	False
656	task_B_en_test_1986	False
657	task_B_en_test_1967	False
658	task_B_en_test_1975	False
659	task_B_en_test_1962	False
660	task_B_en_test_1977	True
661	task_B_en_test_1976	False
662	task_B_en_test_1951	False
663	task_B_en_test_1947	False
664	task_B_en_test_1959	False
665	task_B_en_test_1950	False
666	task_B_en_test_1953	False
667	task_B_en_test_1933	False
668	task_B_en_test_1935	False
669	task_B_en_test_1931	False
670	task_B_en_test_1939	False
671	task_B_en_test_1943	False
672	task_B_en_test_1925	False
673	task_B_en_test_1928	False
674	task_B_en_test_1930	False
675	task_B_en_test_1927	False
676	task_B_en_test_1929	False
677	task_B_en_test_1918	False
678	task_B_en_test_1923	False
679	task_B_en_test_1924	False
680	task_B_en_test_1921	True
681	task_B_en_test_1916	False
682	task_B_en_test_1909	False
683	task_B_en_test_1912	False
684	task_B_en_test_1908	False
685	task_B_en_test_1913	False
686	task_B_en_test_1911	False
687	task_B_en_test_1901	True
688	task_B_en_test_1897	False
689	task_B_en_test_1899	False
690	task_B_en_test_1902	False
691	task_B_en_test_1904	False
692	task_B_en_test_1887	False
693	task_B_en_test_1884	False
694	task_B_en_test_1882	False
695	task_B_en_test_1875	False
696	task_B_en_test_1881	False
697	task_B_en_test_1861	False
698	task_B_en_test_1863	False
699	task_B_en_test_1866	False
700	task_B_en_test_1858	False
701	task_B_en_test_1864	True
702	task_B_en_test_1837	False
703	task_B_en_test_1836	False
704	task_B_en_test_1847	False
705	task_B_en_test_1854	False
706	task_B_en_test_1838	False
707	task_B_en_test_1826	False
708	task_B_en_test_1832	False
709	task_B_en_test_1830	True
710	task_B_en_test_1833	False
711	task_B_en_test_1827	False
712	task_B_en_test_1821	False
713	task_B_en_test_1813	True
714	task_B_en_test_1809	False
715	task_B_en_test_1806	False
716	task_B_en_test_1812	False
717	task_B_en_test_1796	True
718	task_B_en_test_1787	False
719	task_B_en_test_1792	False
720	task_B_en_test_1803	False
721	task_B_en_test_1805	False
722	task_B_en_test_1781	False
723	task_B_en_test_1782	False
724	task_B_en_test_1783	False
725	task_B_en_test_1778	False
726	task_B_en_test_1779	False
727	task_B_en_test_1775	True
728	task_B_en_test_1771	False
729	task_B_en_test_1776	False
730	task_B_en_test_1769	False
731	task_B_en_test_1766	False
732	task_B_en_test_1750	False
733	task_B_en_test_1754	True
734	task_B_en_test_1764	False
735	task_B_en_test_1752	False
736	task_B_en_test_1743	False
737	task_B_en_test_1731	False
738	task_B_en_test_1740	False
739	task_B_en_test_1729	True
740	task_B_en_test_1730	False
741	task_B_en_test_1728	False
742	task_B_en_test_1723	False
743	task_B_en_test_1724	False
744	task_B_en_test_1712	False
745	task_B_en_test_1705	False
746	task_B_en_test_1716	False
747	task_B_en_test_1703	False
748	task_B_en_test_1699	False
749	task_B_en_test_1700	False
750	task_B_en_test_1695	True
751	task_B_en_test_1697	False
752	task_B_en_test_1683	False
753	task_B_en_test_1679	False
754	task_B_en_test_1690	False
755	task_B_en_test_1685	False
756	task_B_en_test_1694	False
757	task_B_en_test_1674	False
758	task_B_en_test_1676	False
759	task_B_en_test_1665	False
760	task_B_en_test_1670	False
761	task_B_en_test_1668	True
762	task_B_en_test_1660	False
763	task_B_en_test_1657	False
764	task_B_en_test_1652	False
765	task_B_en_test_1664	False
766	task_B_en_test_1659	False
767	task_B_en_test_1651	False
768	task_B_en_test_1650	False
769	task_B_en_test_1645	False
770	task_B_en_test_1648	False
771	task_B_en_test_1641	True
772	task_B_en_test_1634	False
773	task_B_en_test_1629	False
774	task_B_en_test_1632	False
775	task_B_en_test_1630	False
776	task_B_en_test_1636	False
777	task_B_en_test_1626	False
778	task_B_en_test_1623	False
779	task_B_en_test_1628	False
780	task_B_en_test_1624	False
781	task_B_en_test_1625	False
782	task_B_en_test_1610	False
783	task_B_en_test_1611	False
784	task_B_en_test_1622	False
785	task_B_en_test_1620	False
786	task_B_en_test_1609	False
787	task_B_en_test_1599	True
788	task_B_en_test_1600	False
789	task_B_en_test_1603	True
790	task_B_en_test_1607	False
791	task_B_en_test_1608	False
792	task_B_en_test_1596	False
793	task_B_en_test_1588	False
794	task_B_en_test_1586	False
795	task_B_en_test_1587	False
796	task_B_en_test_1593	False
797	task_B_en_test_1574	False
798	task_B_en_test_1581	False
799	task_B_en_test_1583	False
800	task_B_en_test_1582	False
801	task_B_en_test_1580	False
802	task_B_en_test_1565	False
803	task_B_en_test_1562	False
804	task_B_en_test_1571	False
805	task_B_en_test_1567	False
806	task_B_en_test_1561	False
807	task_B_en_test_1558	False
808	task_B_en_test_1557	False
809	task_B_en_test_1552	False
810	task_B_en_test_1560	False
811	task_B_en_test_1553	False
812	task_B_en_test_1551	True
813	task_B_en_test_1546	False
814	task_B_en_test_1545	False
815	task_B_en_test_1549	False
816	task_B_en_test_1550	False
817	task_B_en_test_1534	False
818	task_B_en_test_1537	False
819	task_B_en_test_1543	False
820	task_B_en_test_1531	False
821	task_B_en_test_1541	False
822	task_B_en_test_1517	True
823	task_B_en_test_1525	False
824	task_B_en_test_1523	False
825	task_B_en_test_1514	False
826	task_B_en_test_1518	False
827	task_B_en_test_1506	False
828	task_B_en_test_1503	False
829	task_B_en_test_1499	False
830	task_B_en_test_1509	False
831	task_B_en_test_1504	False
832	task_B_en_test_1498	False
833	task_B_en_test_1488	False
834	task_B_en_test_1497	False
835	task_B_en_test_1494	False
836	task_B_en_test_1496	False
837	task_B_en_test_1483	False
838	task_B_en_test_1481	False
839	task_B_en_test_1484	False
840	task_B_en_test_1482	False
841	task_B_en_test_1486	False
842	task_B_en_test_1480	False
843	task_B_en_test_1474	False
844	task_B_en_test_1477	False
845	task_B_en_test_1471	False
846	task_B_en_test_1468	True
847	task_B_en_test_1465	False
848	task_B_en_test_1466	False
849	task_B_en_test_1458	False
850	task_B_en_test_1461	False
851	task_B_en_test_1457	False
852	task_B_en_test_1452	False
853	task_B_en_test_1449	False
854	task_B_en_test_1444	False
855	task_B_en_test_1443	False
856	task_B_en_test_1442	True
857	task_B_en_test_1429	False
858	task_B_en_test_1426	False
859	task_B_en_test_1439	False
860	task_B_en_test_1440	False
861	task_B_en_test_1425	False
862	task_B_en_test_1416	True
863	task_B_en_test_1422	False
864	task_B_en_test_1413	False
865	task_B_en_test_1412	False
866	task_B_en_test_1424	False
867	task_B_en_test_1396	False
868	task_B_en_test_1401	False
869	task_B_en_test_1404	False
870	task_B_en_test_1399	False
871	task_B_en_test_1403	False
872	task_B_en_test_1373	False
873	task_B_en_test_1371	False
874	task_B_en_test_1388	False
875	task_B_en_test_1395	False
876	task_B_en_test_1370	False
877	task_B_en_test_1363	False
878	task_B_en_test_1358	True
879	task_B_en_test_1364	False
880	task_B_en_test_1369	False
881	task_B_en_test_1361	False
882	task_B_en_test_1353	False
883	task_B_en_test_1349	False
884	task_B_en_test_1354	False
885	task_B_en_test_1357	False
886	task_B_en_test_1351	False
887	task_B_en_test_1339	False
888	task_B_en_test_1343	False
889	task_B_en_test_1341	False
890	task_B_en_test_1342	False
891	task_B_en_test_1340	False
892	task_B_en_test_1338	False
893	task_B_en_test_1333	False
894	task_B_en_test_1336	False
895	task_B_en_test_1332	False
896	task_B_en_test_1334	False
897	task_B_en_test_1325	False
898	task_B_en_test_1330	False
899	task_B_en_test_1329	False
900	task_B_en_test_1316	False
901	task_B_en_test_1321	False
902	task_B_en_test_1308	False
903	task_B_en_test_1313	False
904	task_B_en_test_1302	False
905	task_B_en_test_1314	False
906	task_B_en_test_1307	False
907	task_B_en_test_1300	False
908	task_B_en_test_1287	True
909	task_B_en_test_1289	False
910	task_B_en_test_1301	False
911	task_B_en_test_1292	False
912	task_B_en_test_1276	False
913	task_B_en_test_1277	False
914	task_B_en_test_1279	False
915	task_B_en_test_1281	False
916	task_B_en_test_1282	False
917	task_B_en_test_1270	False
918	task_B_en_test_1264	False
919	task_B_en_test_1265	False
920	task_B_en_test_1263	False
921	task_B_en_test_1274	False
922	task_B_en_test_1256	False
923	task_B_en_test_1260	False
924	task_B_en_test_1251	False
925	task_B_en_test_1242	False
926	task_B_en_test_1248	False
927	task_B_en_test_1238	False
928	task_B_en_test_1232	False
929	task_B_en_test_1235	False
930	task_B_en_test_1234	False
931	task_B_en_test_1228	False
932	task_B_en_test_1215	False
933	task_B_en_test_1220	False
934	task_B_en_test_1209	False
935	task_B_en_test_1219	False
936	task_B_en_test_1218	False
937	task_B_en_test_1203	False
938	task_B_en_test_1202	False
939	task_B_en_test_1208	False
940	task_B_en_test_1206	False
941	task_B_en_test_1204	False
942	task_B_en_test_1186	False
943	task_B_en_test_1198	True
944	task_B_en_test_1191	False
945	task_B_en_test_1199	False
946	task_B_en_test_1187	False
947	task_B_en_test_1185	False
948	task_B_en_test_1178	False
949	task_B_en_test_1180	True
950	task_B_en_test_1182	False
951	task_B_en_test_1181	False
952	task_B_en_test_1170	False
953	task_B_en_test_1173	False
954	task_B_en_test_1174	False
955	task_B_en_test_1176	False
956	task_B_en_test_1175	False
957	task_B_en_test_1154	False
958	task_B_en_test_1159	False
959	task_B_en_test_1157	False
960	task_B_en_test_1167	False
961	task_B_en_test_1165	False
962	task_B_en_test_1139	False
963	task_B_en_test_1147	False
964	task_B_en_test_1140	False
965	task_B_en_test_1152	False
966	task_B_en_test_1145	False
967	task_B_en_test_1114	False
968	task_B_en_test_1102	False
969	task_B_en_test_1111	False
970	task_B_en_test_1103	False
971	task_B_en_test_1113	False
