	Sl.No.	Instance Id	Predicted Label
0	1	task_C_en_test_0000	False
1	2	task_C_en_test_0001	True
2	3	task_C_en_test_0002	False
3	4	task_C_en_test_0004	False
4	5	task_C_en_test_0005	True
5	6	task_C_en_test_0007	False
6	7	task_C_en_test_0008	False
7	8	task_C_en_test_0010	False
8	9	task_C_en_test_0011	False
9	10	task_C_en_test_0012	False
10	11	task_C_en_test_0013	False
11	12	task_C_en_test_0015	True
12	13	task_C_en_test_0016	False
13	14	task_C_en_test_0017	False
14	15	task_C_en_test_0020	True
15	16	task_C_en_test_0023	True
16	17	task_C_en_test_0024	False
17	18	task_C_en_test_0026	False
18	19	task_C_en_test_0028	False
19	20	task_C_en_test_0030	True
20	21	task_C_en_test_0031	False
21	22	task_C_en_test_0032	False
22	23	task_C_en_test_0033	False
23	24	task_C_en_test_0034	False
24	25	task_C_en_test_0035	False
25	26	task_C_en_test_0037	False
26	27	task_C_en_test_0039	False
27	28	task_C_en_test_0040	True
28	29	task_C_en_test_0042	True
29	30	task_C_en_test_0043	False
30	31	task_C_en_test_0044	False
31	32	task_C_en_test_0046	False
32	33	task_C_en_test_0048	False
33	34	task_C_en_test_0049	False
34	35	task_C_en_test_0051	False
35	36	task_C_en_test_0054	True
36	37	task_C_en_test_0055	False
37	38	task_C_en_test_0056	False
38	39	task_C_en_test_0060	False
39	40	task_C_en_test_0061	True
40	41	task_C_en_test_0062	True
41	42	task_C_en_test_0063	False
42	43	task_C_en_test_0067	True
43	44	task_C_en_test_0068	True
44	45	task_C_en_test_0069	True
45	46	task_C_en_test_0070	False
46	47	task_C_en_test_0071	True
47	48	task_C_en_test_0072	True
48	49	task_C_en_test_0073	False
49	50	task_C_en_test_0074	False
50	51	task_C_en_test_0075	False
51	52	task_C_en_test_0078	False
52	53	task_C_en_test_0079	False
53	54	task_C_en_test_0081	False
54	55	task_C_en_test_0083	False
55	56	task_C_en_test_0085	False
56	57	task_C_en_test_0087	True
57	58	task_C_en_test_0088	False
58	59	task_C_en_test_0089	False
59	60	task_C_en_test_0090	False
60	61	task_C_en_test_0091	False
61	62	task_C_en_test_0092	True
62	63	task_C_en_test_0093	False
63	64	task_C_en_test_0095	True
64	65	task_C_en_test_0096	False
65	66	task_C_en_test_0097	True
66	67	task_C_en_test_0098	False
67	68	task_C_en_test_0099	False
68	69	task_C_en_test_0100	False
69	70	task_C_en_test_0101	False
70	71	task_C_en_test_0104	True
71	72	task_C_en_test_0105	False
72	73	task_C_en_test_0106	False
73	74	task_C_en_test_0110	False
74	75	task_C_en_test_0113	False
75	76	task_C_en_test_0115	False
76	77	task_C_en_test_0116	True
77	78	task_C_en_test_0117	False
78	79	task_C_en_test_0119	False
79	80	task_C_en_test_0121	False
80	81	task_C_en_test_0123	False
81	82	task_C_en_test_0128	False
82	83	task_C_en_test_0130	False
83	84	task_C_en_test_0131	True
84	85	task_C_en_test_0133	False
85	86	task_C_en_test_0137	False
86	87	task_C_en_test_0140	False
87	88	task_C_en_test_0142	False
88	89	task_C_en_test_0144	False
89	90	task_C_en_test_0145	False
90	91	task_C_en_test_0148	False
91	92	task_C_en_test_0151	False
92	93	task_C_en_test_0153	False
93	94	task_C_en_test_0154	False
94	95	task_C_en_test_0158	True
95	96	task_C_en_test_0160	True
96	97	task_C_en_test_0162	True
97	98	task_C_en_test_0163	False
98	99	task_C_en_test_0164	True
99	100	task_C_en_test_0165	False
100	101	task_C_en_test_0166	False
101	102	task_C_en_test_0169	True
102	103	task_C_en_test_0171	False
103	104	task_C_en_test_0173	False
104	105	task_C_en_test_0174	True
105	106	task_C_en_test_0175	False
106	107	task_C_en_test_0177	False
107	108	task_C_en_test_0178	True
108	109	task_C_en_test_0180	True
109	110	task_C_en_test_0184	False
110	111	task_C_en_test_0186	False
111	112	task_C_en_test_0190	False
112	113	task_C_en_test_0192	False
113	114	task_C_en_test_0193	False
114	115	task_C_en_test_0195	False
115	116	task_C_en_test_0196	False
116	117	task_C_en_test_0198	True
117	118	task_C_en_test_0199	True
118	119	task_C_en_test_0201	False
119	120	task_C_en_test_0203	False
120	121	task_C_en_test_0205	True
121	122	task_C_en_test_0206	False
122	123	task_C_en_test_0209	False
123	124	task_C_en_test_0210	False
124	125	task_C_en_test_0211	False
125	126	task_C_en_test_0212	False
126	127	task_C_en_test_0215	False
127	128	task_C_en_test_0217	False
128	129	task_C_en_test_0220	False
129	130	task_C_en_test_0221	False
130	131	task_C_en_test_0222	False
131	132	task_C_en_test_0223	False
132	133	task_C_en_test_0227	True
133	134	task_C_en_test_0231	False
134	135	task_C_en_test_0234	False
135	136	task_C_en_test_0237	True
136	137	task_C_en_test_0238	True
137	138	task_C_en_test_0239	True
138	139	task_C_en_test_0240	True
139	140	task_C_en_test_0241	False
140	141	task_C_en_test_0244	True
141	142	task_C_en_test_0245	False
142	143	task_C_en_test_0246	False
143	144	task_C_en_test_0247	False
144	145	task_C_en_test_0248	False
145	146	task_C_en_test_0249	False
146	147	task_C_en_test_0253	False
147	148	task_C_en_test_0255	False
148	149	task_C_en_test_0256	False
149	150	task_C_en_test_0259	False
150	151	task_C_en_test_0264	False
151	152	task_C_en_test_0265	True
152	153	task_C_en_test_0266	False
153	154	task_C_en_test_0269	False
154	155	task_C_en_test_0272	False
155	156	task_C_en_test_0275	False
156	157	task_C_en_test_0276	False
157	158	task_C_en_test_0278	False
158	159	task_C_en_test_0279	False
159	160	task_C_en_test_0286	False
160	161	task_C_en_test_0288	False
161	162	task_C_en_test_0289	False
162	163	task_C_en_test_0291	False
163	164	task_C_en_test_0292	False
164	165	task_C_en_test_0294	False
165	166	task_C_en_test_0295	False
166	167	task_C_en_test_0296	True
167	168	task_C_en_test_0297	False
168	169	task_C_en_test_0299	False
169	170	task_C_en_test_0300	True
170	171	task_C_en_test_0301	False
171	172	task_C_en_test_0303	True
172	173	task_C_en_test_0305	False
173	174	task_C_en_test_0309	False
174	175	task_C_en_test_0310	False
175	176	task_C_en_test_0313	False
176	177	task_C_en_test_0315	False
177	178	task_C_en_test_0316	False
178	179	task_C_en_test_0317	False
179	180	task_C_en_test_0318	False
180	181	task_C_en_test_0320	False
181	182	task_C_en_test_0323	False
182	183	task_C_en_test_0326	False
183	184	task_C_en_test_0328	False
184	185	task_C_en_test_0331	False
185	186	task_C_en_test_0333	False
186	187	task_C_en_test_0334	False
187	188	task_C_en_test_0335	True
188	189	task_C_en_test_0337	False
189	190	task_C_en_test_0339	True
190	191	task_C_en_test_0340	True
191	192	task_C_en_test_0341	False
192	193	task_C_en_test_0342	True
193	194	task_C_en_test_0343	True
194	195	task_C_en_test_0346	True
195	196	task_C_en_test_0347	True
196	197	task_C_en_test_0348	False
197	198	task_C_en_test_0349	False
198	199	task_C_en_test_0350	False
199	200	task_C_en_test_0353	False
200	201	task_C_en_test_0355	False
201	202	task_C_en_test_0356	True
202	203	task_C_en_test_0357	True
203	204	task_C_en_test_0358	True
204	205	task_C_en_test_0365	True
205	206	task_C_en_test_0369	False
206	207	task_C_en_test_0371	False
207	208	task_C_en_test_0373	False
208	209	task_C_en_test_0379	False
209	210	task_C_en_test_0380	False
210	211	task_C_en_test_0381	False
211	212	task_C_en_test_0383	False
212	213	task_C_en_test_0387	True
213	214	task_C_en_test_0389	False
214	215	task_C_en_test_0393	False
215	216	task_C_en_test_0394	True
216	217	task_C_en_test_0395	True
217	218	task_C_en_test_0396	False
218	219	task_C_en_test_0397	True
219	220	task_C_en_test_0398	True
220	221	task_C_en_test_0402	False
221	222	task_C_en_test_0403	False
222	223	task_C_en_test_0406	False
223	224	task_C_en_test_0409	False
224	225	task_C_en_test_0414	False
225	226	task_C_en_test_0415	True
226	227	task_C_en_test_0416	True
227	228	task_C_en_test_0417	False
228	229	task_C_en_test_0418	False
229	230	task_C_en_test_0424	False
230	231	task_C_en_test_0426	True
231	232	task_C_en_test_0429	False
232	233	task_C_en_test_0432	False
233	234	task_C_en_test_0435	False
234	235	task_C_en_test_0437	False
235	236	task_C_en_test_0440	True
236	237	task_C_en_test_0442	False
237	238	task_C_en_test_0443	False
238	239	task_C_en_test_0449	False
239	240	task_C_en_test_0453	False
240	241	task_C_en_test_0454	False
241	242	task_C_en_test_0456	False
242	243	task_C_en_test_0457	True
243	244	task_C_en_test_0459	False
244	245	task_C_en_test_0461	False
245	246	task_C_en_test_0462	False
246	247	task_C_en_test_0463	False
247	248	task_C_en_test_0466	False
248	249	task_C_en_test_0470	False
249	250	task_C_en_test_0471	False
250	251	task_C_en_test_0473	False
251	252	task_C_en_test_0475	False
252	253	task_C_en_test_0476	False
253	254	task_C_en_test_0477	False
254	255	task_C_en_test_0480	False
255	256	task_C_en_test_0481	False
256	257	task_C_en_test_0482	False
257	258	task_C_en_test_0483	True
258	259	task_C_en_test_0484	False
259	260	task_C_en_test_0489	False
260	261	task_C_en_test_0492	False
261	262	task_C_en_test_0493	True
262	263	task_C_en_test_0495	True
263	264	task_C_en_test_0496	False
264	265	task_C_en_test_0497	False
265	266	task_C_en_test_0498	False
266	267	task_C_en_test_0499	False
267	268	task_C_en_test_0500	False
268	269	task_C_en_test_0501	False
269	270	task_C_en_test_0502	True
270	271	task_C_en_test_0503	False
271	272	task_C_en_test_0504	False
272	273	task_C_en_test_0505	False
273	274	task_C_en_test_0506	True
274	275	task_C_en_test_0507	False
275	276	task_C_en_test_0508	False
276	277	task_C_en_test_0509	False
277	278	task_C_en_test_0511	False
278	279	task_C_en_test_0512	False
279	280	task_C_en_test_0513	False
280	281	task_C_en_test_0516	False
281	282	task_C_en_test_0517	False
282	283	task_C_en_test_0518	False
283	284	task_C_en_test_0519	False
284	285	task_C_en_test_0522	True
285	286	task_C_en_test_0523	True
286	287	task_C_en_test_0524	False
287	288	task_C_en_test_0525	False
288	289	task_C_en_test_0526	False
289	290	task_C_en_test_0528	True
290	291	task_C_en_test_0529	False
291	292	task_C_en_test_0531	False
292	293	task_C_en_test_0532	True
293	294	task_C_en_test_0533	False
294	295	task_C_en_test_0534	False
295	296	task_C_en_test_0539	False
296	297	task_C_en_test_0542	False
297	298	task_C_en_test_0544	False
298	299	task_C_en_test_0545	True
299	300	task_C_en_test_0546	True
300	301	task_C_en_test_0548	False
301	302	task_C_en_test_0549	False
302	303	task_C_en_test_0550	False
303	304	task_C_en_test_0551	False
304	305	task_C_en_test_0555	False
305	306	task_C_en_test_0556	False
306	307	task_C_en_test_0557	True
307	308	task_C_en_test_0558	False
308	309	task_C_en_test_0559	True
309	310	task_C_en_test_0560	False
310	311	task_C_en_test_0561	False
311	312	task_C_en_test_0562	False
312	313	task_C_en_test_0567	False
313	314	task_C_en_test_0568	False
314	315	task_C_en_test_0569	True
315	316	task_C_en_test_0570	False
316	317	task_C_en_test_0573	False
317	318	task_C_en_test_0574	False
318	319	task_C_en_test_0575	False
319	320	task_C_en_test_0576	False
320	321	task_C_en_test_0577	True
321	322	task_C_en_test_0578	False
322	323	task_C_en_test_0579	False
323	324	task_C_en_test_0583	False
324	325	task_C_en_test_0584	False
325	326	task_C_en_test_0587	False
326	327	task_C_en_test_0588	False
327	328	task_C_en_test_0589	False
328	329	task_C_en_test_0591	True
329	330	task_C_en_test_0592	False
330	331	task_C_en_test_0593	False
331	332	task_C_en_test_0594	False
332	333	task_C_en_test_0596	True
333	334	task_C_en_test_0598	False
334	335	task_C_en_test_0599	False
335	336	task_C_en_test_0601	False
336	337	task_C_en_test_0602	True
337	338	task_C_en_test_0603	False
338	339	task_C_en_test_0606	False
339	340	task_C_en_test_0607	False
340	341	task_C_en_test_0608	False
341	342	task_C_en_test_0609	True
342	343	task_C_en_test_0611	False
343	344	task_C_en_test_0612	True
344	345	task_C_en_test_0613	False
345	346	task_C_en_test_0614	False
346	347	task_C_en_test_0617	False
347	348	task_C_en_test_0620	False
348	349	task_C_en_test_0621	True
349	350	task_C_en_test_0622	False
350	351	task_C_en_test_0623	False
351	352	task_C_en_test_0625	False
352	353	task_C_en_test_0626	True
353	354	task_C_en_test_0627	True
354	355	task_C_en_test_0630	False
355	356	task_C_en_test_0632	False
356	357	task_C_en_test_0633	False
357	358	task_C_en_test_0635	False
358	359	task_C_en_test_0638	False
359	360	task_C_en_test_0639	False
360	361	task_C_en_test_0641	False
361	362	task_C_en_test_0642	False
362	363	task_C_en_test_0643	False
363	364	task_C_en_test_0646	True
364	365	task_C_en_test_0650	False
365	366	task_C_en_test_0651	True
366	367	task_C_en_test_0652	False
367	368	task_C_en_test_0654	True
368	369	task_C_en_test_0655	False
369	370	task_C_en_test_0656	False
370	371	task_C_en_test_0659	True
371	372	task_C_en_test_0660	False
372	373	task_C_en_test_0664	False
373	374	task_C_en_test_0665	False
374	375	task_C_en_test_0666	False
375	376	task_C_en_test_0667	False
376	377	task_C_en_test_0668	False
377	378	task_C_en_test_0669	False
378	379	task_C_en_test_0672	True
379	380	task_C_en_test_0673	False
380	381	task_C_en_test_0675	False
381	382	task_C_en_test_0676	False
382	383	task_C_en_test_0679	False
383	384	task_C_en_test_0680	False
384	385	task_C_en_test_0681	False
385	386	task_C_en_test_0682	False
386	387	task_C_en_test_0684	False
387	388	task_C_en_test_0698	False
388	389	task_C_en_test_0699	False
389	390	task_C_en_test_0700	True
390	391	task_C_en_test_0702	True
391	392	task_C_en_test_0703	False
392	393	task_C_en_test_0705	True
393	394	task_C_en_test_0706	False
394	395	task_C_en_test_0707	False
395	396	task_C_en_test_0710	True
396	397	task_C_en_test_0711	True
397	398	task_C_en_test_0712	False
398	399	task_C_en_test_0713	False
399	400	task_C_en_test_0717	False
400	401	task_C_en_test_0718	True
401	402	task_C_en_test_0719	True
402	403	task_C_en_test_0722	False
403	404	task_C_en_test_0723	True
404	405	task_C_en_test_0724	False
405	406	task_C_en_test_0725	False
406	407	task_C_en_test_0726	True
407	408	task_C_en_test_0728	False
408	409	task_C_en_test_0729	False
409	410	task_C_en_test_0731	False
410	411	task_C_en_test_0737	False
411	412	task_C_en_test_0738	False
412	413	task_C_en_test_0740	False
413	414	task_C_en_test_0741	False
414	415	task_C_en_test_0743	False
415	416	task_C_en_test_0745	False
416	417	task_C_en_test_0746	True
417	418	task_C_en_test_0748	True
418	419	task_C_en_test_0749	False
419	420	task_C_en_test_0750	True
420	421	task_C_en_test_0751	False
421	422	task_C_en_test_0753	False
422	423	task_C_en_test_0754	False
423	424	task_C_en_test_0756	False
424	425	task_C_en_test_0759	False
425	426	task_C_en_test_0760	False
426	427	task_C_en_test_0761	False
427	428	task_C_en_test_0762	False
428	429	task_C_en_test_0764	False
429	430	task_C_en_test_0766	False
430	431	task_C_en_test_0768	False
431	432	task_C_en_test_0770	False
432	433	task_C_en_test_0771	False
433	434	task_C_en_test_0772	True
434	435	task_C_en_test_0775	False
435	436	task_C_en_test_0778	False
436	437	task_C_en_test_0781	False
437	438	task_C_en_test_0785	True
438	439	task_C_en_test_0786	True
439	440	task_C_en_test_0787	False
440	441	task_C_en_test_0789	True
441	442	task_C_en_test_0790	False
442	443	task_C_en_test_0791	True
443	444	task_C_en_test_0792	False
444	445	task_C_en_test_0794	False
445	446	task_C_en_test_0796	False
446	447	task_C_en_test_0799	True
447	448	task_C_en_test_0800	False
448	449	task_C_en_test_0801	False
449	450	task_C_en_test_0802	False
450	451	task_C_en_test_0803	False
451	452	task_C_en_test_0804	False
452	453	task_C_en_test_0805	False
453	454	task_C_en_test_0806	False
454	455	task_C_en_test_0807	False
455	456	task_C_en_test_0808	True
456	457	task_C_en_test_0810	False
457	458	task_C_en_test_0811	False
458	459	task_C_en_test_0815	False
459	460	task_C_en_test_0816	False
460	461	task_C_en_test_0817	True
461	462	task_C_en_test_0818	False
462	463	task_C_en_test_0819	False
463	464	task_C_en_test_0822	False
464	465	task_C_en_test_0823	False
465	466	task_C_en_test_0825	False
466	467	task_C_en_test_0826	False
467	468	task_C_en_test_0830	False
468	469	task_C_en_test_0834	False
469	470	task_C_en_test_0835	True
470	471	task_C_en_test_0838	False
471	472	task_C_en_test_0839	False
472	473	task_C_en_test_0841	True
473	474	task_C_en_test_0842	True
474	475	task_C_en_test_0843	False
475	476	task_C_en_test_0844	False
476	477	task_C_en_test_0845	False
477	478	task_C_en_test_0846	False
478	479	task_C_en_test_0847	False
479	480	task_C_en_test_0848	False
480	481	task_C_en_test_0850	False
481	482	task_C_en_test_0854	False
482	483	task_C_en_test_0855	False
483	484	task_C_en_test_0856	False
484	485	task_C_en_test_0859	True
485	486	task_C_en_test_0861	True
486	487	task_C_en_test_0866	False
487	488	task_C_en_test_0867	False
488	489	task_C_en_test_0868	False
489	490	task_C_en_test_0869	False
490	491	task_C_en_test_0870	False
491	492	task_C_en_test_0871	False
492	493	task_C_en_test_0872	False
493	494	task_C_en_test_0875	True
494	495	task_C_en_test_0876	False
495	496	task_C_en_test_0877	False
496	497	task_C_en_test_0879	False
497	498	task_C_en_test_0880	True
498	499	task_C_en_test_0881	False
499	500	task_C_en_test_0883	True
500	501	task_C_en_test_0885	False
501	502	task_C_en_test_0886	False
502	503	task_C_en_test_0887	True
503	504	task_C_en_test_0890	False
504	505	task_C_en_test_0893	False
505	506	task_C_en_test_0896	False
506	507	task_C_en_test_0897	False
507	508	task_C_en_test_0900	False
508	509	task_C_en_test_0901	False
509	510	task_C_en_test_0902	False
510	511	task_C_en_test_0904	False
511	512	task_C_en_test_0905	False
512	513	task_C_en_test_0909	False
513	514	task_C_en_test_0913	False
514	515	task_C_en_test_0916	True
515	516	task_C_en_test_0917	False
516	517	task_C_en_test_0918	False
517	518	task_C_en_test_0919	False
518	519	task_C_en_test_0921	False
519	520	task_C_en_test_0922	False
520	521	task_C_en_test_0923	False
521	522	task_C_en_test_0925	False
522	523	task_C_en_test_0926	False
523	524	task_C_en_test_0927	False
524	525	task_C_en_test_0928	False
525	526	task_C_en_test_0929	False
526	527	task_C_en_test_0931	False
527	528	task_C_en_test_0933	False
528	529	task_C_en_test_0941	False
529	530	task_C_en_test_0945	False
530	531	task_C_en_test_0946	False
531	532	task_C_en_test_0947	True
532	533	task_C_en_test_0950	False
533	534	task_C_en_test_0951	False
534	535	task_C_en_test_0953	False
535	536	task_C_en_test_0954	False
536	537	task_C_en_test_0955	False
537	538	task_C_en_test_0957	False
538	539	task_C_en_test_0958	True
539	540	task_C_en_test_0960	False
540	541	task_C_en_test_0961	False
541	542	task_C_en_test_0962	False
542	543	task_C_en_test_0967	False
543	544	task_C_en_test_0969	False
544	545	task_C_en_test_0971	True
545	546	task_C_en_test_0973	True
546	547	task_C_en_test_0974	False
547	548	task_C_en_test_0977	True
548	549	task_C_en_test_0979	False
549	550	task_C_en_test_0982	False
550	551	task_C_en_test_0984	False
551	552	task_C_en_test_0985	True
552	553	task_C_en_test_0988	False
553	554	task_C_en_test_0989	False
554	555	task_C_en_test_0992	True
555	556	task_C_en_test_0994	True
556	557	task_C_en_test_0995	False
557	558	task_C_en_test_0997	False
558	559	task_C_en_test_1002	True
559	560	task_C_en_test_1007	False
560	561	task_C_en_test_1010	False
561	562	task_C_en_test_1011	False
562	563	task_C_en_test_1014	True
563	564	task_C_en_test_1015	True
564	565	task_C_en_test_1017	False
565	566	task_C_en_test_1018	False
566	567	task_C_en_test_1019	True
567	568	task_C_en_test_1021	False
568	569	task_C_en_test_1022	False
569	570	task_C_en_test_1026	False
570	571	task_C_en_test_1030	False
571	572	task_C_en_test_1031	True
572	573	task_C_en_test_1032	False
573	574	task_C_en_test_1038	False
574	575	task_C_en_test_1039	False
575	576	task_C_en_test_1041	False
576	577	task_C_en_test_1046	False
577	578	task_C_en_test_1047	False
578	579	task_C_en_test_1048	False
579	580	task_C_en_test_1049	False
580	581	task_C_en_test_1051	False
581	582	task_C_en_test_1052	False
582	583	task_C_en_test_1055	True
583	584	task_C_en_test_1056	False
584	585	task_C_en_test_1058	False
585	586	task_C_en_test_1060	True
586	587	task_C_en_test_1061	False
587	588	task_C_en_test_1064	False
588	589	task_C_en_test_1066	False
589	590	task_C_en_test_1068	False
590	591	task_C_en_test_1069	False
591	592	task_C_en_test_1070	False
592	593	task_C_en_test_1073	False
593	594	task_C_en_test_1075	True
594	595	task_C_en_test_1080	False
595	596	task_C_en_test_1081	True
596	597	task_C_en_test_1082	False
597	598	task_C_en_test_1083	False
598	599	task_C_en_test_1086	False
599	600	task_C_en_test_1087	False
600	601	task_C_en_test_1089	False
601	602	task_C_en_test_1091	False
602	603	task_C_en_test_1092	True
603	604	task_C_en_test_1093	False
604	605	task_C_en_test_1094	False
605	606	task_C_en_test_1097	False
606	607	task_C_en_test_1098	False
607	608	task_C_en_test_1099	False
608	609	task_C_en_test_1100	False
609	610	task_C_en_test_1104	False
610	611	task_C_en_test_1105	False
611	612	task_C_en_test_1106	False
612	613	task_C_en_test_1107	False
613	614	task_C_en_test_1108	False
614	615	task_C_en_test_1109	False
615	616	task_C_en_test_1110	False
616	617	task_C_en_test_1112	False
617	618	task_C_en_test_1115	True
618	619	task_C_en_test_1116	False
619	620	task_C_en_test_1118	False
620	621	task_C_en_test_1120	False
621	622	task_C_en_test_1121	True
622	623	task_C_en_test_1122	False
623	624	task_C_en_test_1123	False
624	625	task_C_en_test_1124	True
625	626	task_C_en_test_1125	False
626	627	task_C_en_test_1127	False
627	628	task_C_en_test_1128	False
628	629	task_C_en_test_1129	False
629	630	task_C_en_test_1130	False
630	631	task_C_en_test_1131	False
631	632	task_C_en_test_1132	False
632	633	task_C_en_test_1134	False
633	634	task_C_en_test_1135	False
634	635	task_C_en_test_1137	True
635	636	task_C_en_test_1141	False
636	637	task_C_en_test_1142	False
637	638	task_C_en_test_1143	False
638	639	task_C_en_test_1144	False
639	640	task_C_en_test_1149	False
640	641	task_C_en_test_1150	False
641	642	task_C_en_test_1151	False
642	643	task_C_en_test_1155	True
643	644	task_C_en_test_1156	False
644	645	task_C_en_test_1158	False
645	646	task_C_en_test_1160	False
646	647	task_C_en_test_1161	False
647	648	task_C_en_test_1162	False
648	649	task_C_en_test_1163	False
649	650	task_C_en_test_1164	False
650	651	task_C_en_test_1166	False
651	652	task_C_en_test_1168	False
652	653	task_C_en_test_1169	False
653	654	task_C_en_test_1171	False
654	655	task_C_en_test_1172	False
655	656	task_C_en_test_1177	False
656	657	task_C_en_test_1179	False
657	658	task_C_en_test_1184	False
658	659	task_C_en_test_1188	False
659	660	task_C_en_test_1189	True
660	661	task_C_en_test_1190	True
661	662	task_C_en_test_1192	False
662	663	task_C_en_test_1194	False
663	664	task_C_en_test_1195	False
664	665	task_C_en_test_1196	False
665	666	task_C_en_test_1197	False
666	667	task_C_en_test_1200	False
667	668	task_C_en_test_1201	False
668	669	task_C_en_test_1205	False
669	670	task_C_en_test_1207	False
670	671	task_C_en_test_1211	False
671	672	task_C_en_test_1212	False
672	673	task_C_en_test_1213	False
673	674	task_C_en_test_1214	False
674	675	task_C_en_test_1216	False
675	676	task_C_en_test_1217	False
676	677	task_C_en_test_1221	False
677	678	task_C_en_test_1222	True
678	679	task_C_en_test_1223	False
679	680	task_C_en_test_1224	True
680	681	task_C_en_test_1225	False
681	682	task_C_en_test_1226	False
682	683	task_C_en_test_1227	False
683	684	task_C_en_test_1231	False
684	685	task_C_en_test_1233	False
685	686	task_C_en_test_1236	False
686	687	task_C_en_test_1239	False
687	688	task_C_en_test_1240	False
688	689	task_C_en_test_1241	False
689	690	task_C_en_test_1243	False
690	691	task_C_en_test_1244	False
691	692	task_C_en_test_1245	True
692	693	task_C_en_test_1246	False
693	694	task_C_en_test_1247	False
694	695	task_C_en_test_1249	False
695	696	task_C_en_test_1250	False
696	697	task_C_en_test_1252	False
697	698	task_C_en_test_1253	False
698	699	task_C_en_test_1254	False
699	700	task_C_en_test_1255	False
700	701	task_C_en_test_1257	False
701	702	task_C_en_test_1258	False
702	703	task_C_en_test_1259	False
703	704	task_C_en_test_1261	False
704	705	task_C_en_test_1262	True
705	706	task_C_en_test_1266	False
706	707	task_C_en_test_1267	False
707	708	task_C_en_test_1268	False
708	709	task_C_en_test_1271	False
709	710	task_C_en_test_1272	True
710	711	task_C_en_test_1273	False
711	712	task_C_en_test_1275	False
712	713	task_C_en_test_1278	False
713	714	task_C_en_test_1280	False
714	715	task_C_en_test_1284	False
715	716	task_C_en_test_1285	False
716	717	task_C_en_test_1286	False
717	718	task_C_en_test_1288	False
718	719	task_C_en_test_1290	False
719	720	task_C_en_test_1291	False
720	721	task_C_en_test_1294	False
721	722	task_C_en_test_1295	False
722	723	task_C_en_test_1296	False
723	724	task_C_en_test_1297	False
724	725	task_C_en_test_1298	False
725	726	task_C_en_test_1299	True
726	727	task_C_en_test_1303	False
727	728	task_C_en_test_1304	False
728	729	task_C_en_test_1305	True
729	730	task_C_en_test_1306	False
730	731	task_C_en_test_1309	False
731	732	task_C_en_test_1310	False
732	733	task_C_en_test_1311	False
733	734	task_C_en_test_1315	False
734	735	task_C_en_test_1317	False
735	736	task_C_en_test_1318	False
736	737	task_C_en_test_1319	False
737	738	task_C_en_test_1320	False
738	739	task_C_en_test_1322	False
739	740	task_C_en_test_1323	False
740	741	task_C_en_test_1324	True
741	742	task_C_en_test_1327	False
742	743	task_C_en_test_1328	True
743	744	task_C_en_test_1331	False
744	745	task_C_en_test_1335	False
745	746	task_C_en_test_1337	True
746	747	task_C_en_test_1344	False
747	748	task_C_en_test_1345	False
748	749	task_C_en_test_1346	False
749	750	task_C_en_test_1347	False
750	751	task_C_en_test_1348	False
751	752	task_C_en_test_1350	False
752	753	task_C_en_test_1352	False
753	754	task_C_en_test_1355	False
754	755	task_C_en_test_1362	True
755	756	task_C_en_test_1365	False
756	757	task_C_en_test_1367	False
757	758	task_C_en_test_1368	True
758	759	task_C_en_test_1372	False
759	760	task_C_en_test_1374	False
760	761	task_C_en_test_1375	False
761	762	task_C_en_test_1376	False
762	763	task_C_en_test_1377	True
763	764	task_C_en_test_1378	False
764	765	task_C_en_test_1379	False
765	766	task_C_en_test_1381	False
766	767	task_C_en_test_1382	False
767	768	task_C_en_test_1383	True
768	769	task_C_en_test_1384	False
769	770	task_C_en_test_1385	False
770	771	task_C_en_test_1386	False
771	772	task_C_en_test_1387	False
772	773	task_C_en_test_1389	False
773	774	task_C_en_test_1391	False
774	775	task_C_en_test_1392	False
775	776	task_C_en_test_1393	False
776	777	task_C_en_test_1394	False
777	778	task_C_en_test_1397	False
778	779	task_C_en_test_1398	False
779	780	task_C_en_test_1400	False
780	781	task_C_en_test_1402	True
781	782	task_C_en_test_1405	False
782	783	task_C_en_test_1406	False
783	784	task_C_en_test_1407	False
784	785	task_C_en_test_1408	False
785	786	task_C_en_test_1409	False
786	787	task_C_en_test_1410	False
787	788	task_C_en_test_1411	False
788	789	task_C_en_test_1415	False
789	790	task_C_en_test_1417	False
790	791	task_C_en_test_1418	True
791	792	task_C_en_test_1419	False
792	793	task_C_en_test_1421	False
793	794	task_C_en_test_1423	True
794	795	task_C_en_test_1427	False
795	796	task_C_en_test_1428	True
796	797	task_C_en_test_1430	True
797	798	task_C_en_test_1431	False
798	799	task_C_en_test_1432	True
799	800	task_C_en_test_1433	False
800	801	task_C_en_test_1434	False
801	802	task_C_en_test_1435	False
802	803	task_C_en_test_1437	False
803	804	task_C_en_test_1438	False
804	805	task_C_en_test_1441	False
805	806	task_C_en_test_1447	False
806	807	task_C_en_test_1448	False
807	808	task_C_en_test_1450	True
808	809	task_C_en_test_1451	False
809	810	task_C_en_test_1453	False
810	811	task_C_en_test_1454	False
811	812	task_C_en_test_1455	False
812	813	task_C_en_test_1456	False
813	814	task_C_en_test_1459	False
814	815	task_C_en_test_1460	False
815	816	task_C_en_test_1462	True
816	817	task_C_en_test_1463	False
817	818	task_C_en_test_1464	True
818	819	task_C_en_test_1467	True
819	820	task_C_en_test_1469	False
820	821	task_C_en_test_1470	False
821	822	task_C_en_test_1473	False
822	823	task_C_en_test_1475	False
823	824	task_C_en_test_1476	False
824	825	task_C_en_test_1478	False
825	826	task_C_en_test_1479	False
826	827	task_C_en_test_1485	False
827	828	task_C_en_test_1487	False
828	829	task_C_en_test_1489	False
829	830	task_C_en_test_1490	True
830	831	task_C_en_test_1491	False
831	832	task_C_en_test_1492	False
832	833	task_C_en_test_1495	True
833	834	task_C_en_test_1500	True
834	835	task_C_en_test_1501	False
835	836	task_C_en_test_1502	False
836	837	task_C_en_test_1505	True
837	838	task_C_en_test_1507	False
838	839	task_C_en_test_1508	False
839	840	task_C_en_test_1510	False
840	841	task_C_en_test_1511	False
841	842	task_C_en_test_1512	True
842	843	task_C_en_test_1513	True
843	844	task_C_en_test_1515	False
844	845	task_C_en_test_1516	False
845	846	task_C_en_test_1519	False
846	847	task_C_en_test_1520	False
847	848	task_C_en_test_1521	True
848	849	task_C_en_test_1524	True
849	850	task_C_en_test_1526	True
850	851	task_C_en_test_1527	False
851	852	task_C_en_test_1528	False
852	853	task_C_en_test_1529	False
853	854	task_C_en_test_1530	False
854	855	task_C_en_test_1532	False
855	856	task_C_en_test_1535	False
856	857	task_C_en_test_1536	False
857	858	task_C_en_test_1538	False
858	859	task_C_en_test_1539	True
859	860	task_C_en_test_1540	False
860	861	task_C_en_test_1544	False
861	862	task_C_en_test_1547	False
862	863	task_C_en_test_1548	False
863	864	task_C_en_test_1554	False
864	865	task_C_en_test_1555	False
865	866	task_C_en_test_1556	False
866	867	task_C_en_test_1559	True
867	868	task_C_en_test_1563	False
868	869	task_C_en_test_1564	False
869	870	task_C_en_test_1566	True
870	871	task_C_en_test_1568	True
871	872	task_C_en_test_1569	False
872	873	task_C_en_test_1570	False
873	874	task_C_en_test_1572	False
874	875	task_C_en_test_1573	False
875	876	task_C_en_test_1575	False
876	877	task_C_en_test_1576	False
877	878	task_C_en_test_1577	False
878	879	task_C_en_test_1578	False
879	880	task_C_en_test_1579	False
880	881	task_C_en_test_1584	True
881	882	task_C_en_test_1589	True
882	883	task_C_en_test_1590	False
883	884	task_C_en_test_1591	False
884	885	task_C_en_test_1592	False
885	886	task_C_en_test_1594	False
886	887	task_C_en_test_1595	True
887	888	task_C_en_test_1597	False
888	889	task_C_en_test_1598	False
889	890	task_C_en_test_1601	False
890	891	task_C_en_test_1602	True
891	892	task_C_en_test_1604	False
892	893	task_C_en_test_1605	True
893	894	task_C_en_test_1612	False
894	895	task_C_en_test_1613	True
895	896	task_C_en_test_1614	False
896	897	task_C_en_test_1615	True
897	898	task_C_en_test_1616	False
898	899	task_C_en_test_1617	False
899	900	task_C_en_test_1618	False
900	901	task_C_en_test_1619	False
901	902	task_C_en_test_1621	False
902	903	task_C_en_test_1631	False
903	904	task_C_en_test_1633	True
904	905	task_C_en_test_1635	False
905	906	task_C_en_test_1637	False
906	907	task_C_en_test_1638	True
907	908	task_C_en_test_1639	False
908	909	task_C_en_test_1640	False
909	910	task_C_en_test_1642	False
910	911	task_C_en_test_1643	False
911	912	task_C_en_test_1644	False
912	913	task_C_en_test_1646	False
913	914	task_C_en_test_1647	False
914	915	task_C_en_test_1649	False
915	916	task_C_en_test_1654	False
916	917	task_C_en_test_1655	False
917	918	task_C_en_test_1656	True
918	919	task_C_en_test_1658	False
919	920	task_C_en_test_1662	False
920	921	task_C_en_test_1663	False
921	922	task_C_en_test_1666	True
922	923	task_C_en_test_1667	False
923	924	task_C_en_test_1669	True
924	925	task_C_en_test_1673	True
925	926	task_C_en_test_1675	False
926	927	task_C_en_test_1677	False
927	928	task_C_en_test_1678	False
928	929	task_C_en_test_1680	False
929	930	task_C_en_test_1681	False
930	931	task_C_en_test_1682	False
931	932	task_C_en_test_1684	True
932	933	task_C_en_test_1686	False
933	934	task_C_en_test_1687	True
934	935	task_C_en_test_1688	False
935	936	task_C_en_test_1689	False
936	937	task_C_en_test_1691	False
937	938	task_C_en_test_1692	False
938	939	task_C_en_test_1693	True
939	940	task_C_en_test_1696	False
940	941	task_C_en_test_1698	False
941	942	task_C_en_test_1701	False
942	943	task_C_en_test_1702	False
943	944	task_C_en_test_1704	True
944	945	task_C_en_test_1706	False
945	946	task_C_en_test_1707	False
946	947	task_C_en_test_1708	False
947	948	task_C_en_test_1709	False
948	949	task_C_en_test_1711	False
949	950	task_C_en_test_1713	True
950	951	task_C_en_test_1714	False
951	952	task_C_en_test_1715	False
952	953	task_C_en_test_1717	False
953	954	task_C_en_test_1718	True
954	955	task_C_en_test_1719	False
955	956	task_C_en_test_1720	False
956	957	task_C_en_test_1721	False
957	958	task_C_en_test_1722	True
958	959	task_C_en_test_1725	False
959	960	task_C_en_test_1726	False
960	961	task_C_en_test_1727	False
961	962	task_C_en_test_1732	True
962	963	task_C_en_test_1733	False
963	964	task_C_en_test_1734	True
964	965	task_C_en_test_1735	False
965	966	task_C_en_test_1736	False
966	967	task_C_en_test_1737	False
967	968	task_C_en_test_1738	False
968	969	task_C_en_test_1739	False
969	970	task_C_en_test_1741	False
970	971	task_C_en_test_1742	False
971	972	task_C_en_test_1744	False
972	973	task_C_en_test_1745	False
973	974	task_C_en_test_1746	False
974	975	task_C_en_test_1747	False
975	976	task_C_en_test_1748	True
976	977	task_C_en_test_1749	False
977	978	task_C_en_test_1751	False
978	979	task_C_en_test_1753	False
979	980	task_C_en_test_1755	False
980	981	task_C_en_test_1756	False
981	982	task_C_en_test_1757	False
982	983	task_C_en_test_1758	False
983	984	task_C_en_test_1759	False
984	985	task_C_en_test_1760	False
985	986	task_C_en_test_1761	False
986	987	task_C_en_test_1762	False
987	988	task_C_en_test_1763	False
988	989	task_C_en_test_1765	False
989	990	task_C_en_test_1767	False
990	991	task_C_en_test_1768	False
991	992	task_C_en_test_1770	False
992	993	task_C_en_test_1772	False
993	994	task_C_en_test_1773	False
994	995	task_C_en_test_1774	False
995	996	task_C_en_test_1777	False
996	997	task_C_en_test_1780	True
997	998	task_C_en_test_1784	False
998	999	task_C_en_test_1786	False
999	1000	task_C_en_test_1788	False
1000	1001	task_C_en_test_1789	False
1001	1002	task_C_en_test_1790	False
1002	1003	task_C_en_test_1793	False
1003	1004	task_C_en_test_1794	False
1004	1005	task_C_en_test_1795	False
1005	1006	task_C_en_test_1797	False
1006	1007	task_C_en_test_1798	False
1007	1008	task_C_en_test_1799	False
1008	1009	task_C_en_test_1800	False
1009	1010	task_C_en_test_1801	False
1010	1011	task_C_en_test_1802	False
1011	1012	task_C_en_test_1804	False
1012	1013	task_C_en_test_1807	False
1013	1014	task_C_en_test_1810	False
1014	1015	task_C_en_test_1811	False
1015	1016	task_C_en_test_1814	True
1016	1017	task_C_en_test_1815	False
1017	1018	task_C_en_test_1816	True
1018	1019	task_C_en_test_1817	False
1019	1020	task_C_en_test_1818	False
1020	1021	task_C_en_test_1819	False
1021	1022	task_C_en_test_1820	True
1022	1023	task_C_en_test_1822	False
1023	1024	task_C_en_test_1823	False
1024	1025	task_C_en_test_1824	True
1025	1026	task_C_en_test_1829	False
1026	1027	task_C_en_test_1831	False
1027	1028	task_C_en_test_1834	False
1028	1029	task_C_en_test_1835	False
1029	1030	task_C_en_test_1839	True
1030	1031	task_C_en_test_1840	True
1031	1032	task_C_en_test_1841	False
1032	1033	task_C_en_test_1842	False
1033	1034	task_C_en_test_1843	True
1034	1035	task_C_en_test_1844	False
1035	1036	task_C_en_test_1845	False
1036	1037	task_C_en_test_1846	False
1037	1038	task_C_en_test_1848	False
1038	1039	task_C_en_test_1849	True
1039	1040	task_C_en_test_1850	True
1040	1041	task_C_en_test_1851	False
1041	1042	task_C_en_test_1852	False
1042	1043	task_C_en_test_1853	True
1043	1044	task_C_en_test_1855	False
1044	1045	task_C_en_test_1856	False
1045	1046	task_C_en_test_1857	False
1046	1047	task_C_en_test_1859	False
1047	1048	task_C_en_test_1860	False
1048	1049	task_C_en_test_1862	False
1049	1050	task_C_en_test_1865	False
1050	1051	task_C_en_test_1868	True
1051	1052	task_C_en_test_1869	False
1052	1053	task_C_en_test_1871	False
1053	1054	task_C_en_test_1872	False
1054	1055	task_C_en_test_1874	True
1055	1056	task_C_en_test_1877	False
1056	1057	task_C_en_test_1878	False
1057	1058	task_C_en_test_1879	False
1058	1059	task_C_en_test_1880	False
1059	1060	task_C_en_test_1883	False
1060	1061	task_C_en_test_1885	False
1061	1062	task_C_en_test_1888	False
1062	1063	task_C_en_test_1889	False
1063	1064	task_C_en_test_1890	True
1064	1065	task_C_en_test_1891	False
1065	1066	task_C_en_test_1892	True
1066	1067	task_C_en_test_1893	False
1067	1068	task_C_en_test_1894	False
1068	1069	task_C_en_test_1895	False
1069	1070	task_C_en_test_1896	True
1070	1071	task_C_en_test_1898	True
1071	1072	task_C_en_test_1900	False
1072	1073	task_C_en_test_1903	False
1073	1074	task_C_en_test_1905	False
1074	1075	task_C_en_test_1906	False
1075	1076	task_C_en_test_1907	True
1076	1077	task_C_en_test_1910	False
1077	1078	task_C_en_test_1915	True
1078	1079	task_C_en_test_1917	True
1079	1080	task_C_en_test_1919	True
1080	1081	task_C_en_test_1920	False
1081	1082	task_C_en_test_1922	False
1082	1083	task_C_en_test_1926	False
1083	1084	task_C_en_test_1932	False
1084	1085	task_C_en_test_1934	False
1085	1086	task_C_en_test_1936	False
1086	1087	task_C_en_test_1937	False
1087	1088	task_C_en_test_1938	False
1088	1089	task_C_en_test_1940	False
1089	1090	task_C_en_test_1941	False
1090	1091	task_C_en_test_1942	False
1091	1092	task_C_en_test_1944	True
1092	1093	task_C_en_test_1945	False
1093	1094	task_C_en_test_1946	False
1094	1095	task_C_en_test_1948	True
1095	1096	task_C_en_test_1949	True
1096	1097	task_C_en_test_1952	False
1097	1098	task_C_en_test_1954	False
1098	1099	task_C_en_test_1955	True
1099	1100	task_C_en_test_1956	True
1100	1101	task_C_en_test_1957	False
1101	1102	task_C_en_test_1958	False
1102	1103	task_C_en_test_1960	False
1103	1104	task_C_en_test_1961	False
1104	1105	task_C_en_test_1963	False
1105	1106	task_C_en_test_1965	False
1106	1107	task_C_en_test_1966	False
1107	1108	task_C_en_test_1968	False
1108	1109	task_C_en_test_1969	False
1109	1110	task_C_en_test_1970	True
1110	1111	task_C_en_test_1971	False
1111	1112	task_C_en_test_1972	False
1112	1113	task_C_en_test_1973	False
1113	1114	task_C_en_test_1974	False
1114	1115	task_C_en_test_1982	False
1115	1116	task_C_en_test_1984	False
1116	1117	task_C_en_test_1985	False
1117	1118	task_C_en_test_1987	False
1118	1119	task_C_en_test_1989	False
1119	1120	task_C_en_test_1990	True
1120	1121	task_C_en_test_1992	True
1121	1122	task_C_en_test_1995	False
1122	1123	task_C_en_test_1997	False
1123	1124	task_C_en_test_1998	False
1124	1125	task_C_en_test_1999	False
1125	1126	task_C_en_test_2000	False
1126	1127	task_C_en_test_2001	False
1127	1128	task_C_en_test_2003	False
1128	1129	task_C_en_test_2004	True
1129	1130	task_C_en_test_2005	True
1130	1131	task_C_en_test_2006	True
1131	1132	task_C_en_test_2008	False
1132	1133	task_C_en_test_2009	True
1133	1134	task_C_en_test_2010	False
1134	1135	task_C_en_test_2011	False
1135	1136	task_C_en_test_2014	False
1136	1137	task_C_en_test_2018	False
1137	1138	task_C_en_test_2020	True
1138	1139	task_C_en_test_2022	False
1139	1140	task_C_en_test_2023	False
1140	1141	task_C_en_test_2025	False
1141	1142	task_C_en_test_2027	False
1142	1143	task_C_en_test_2029	False
1143	1144	task_C_en_test_2031	True
1144	1145	task_C_en_test_2034	False
1145	1146	task_C_en_test_2035	True
1146	1147	task_C_en_test_2038	False
1147	1148	task_C_en_test_2041	False
1148	1149	task_C_en_test_2043	False
1149	1150	task_C_en_test_2044	False
1150	1151	task_C_en_test_2049	False
1151	1152	task_C_en_test_2050	False
1152	1153	task_C_en_test_2053	False
1153	1154	task_C_en_test_2055	False
1154	1155	task_C_en_test_2056	True
1155	1156	task_C_en_test_2057	False
1156	1157	task_C_en_test_2058	False
1157	1158	task_C_en_test_2060	True
1158	1159	task_C_en_test_2061	False
1159	1160	task_C_en_test_2062	False
1160	1161	task_C_en_test_2064	True
1161	1162	task_C_en_test_2066	False
1162	1163	task_C_en_test_2068	True
1163	1164	task_C_en_test_2071	False
1164	1165	task_C_en_test_2073	False
1165	1166	task_C_en_test_2074	False
1166	1167	task_C_en_test_2075	True
1167	1168	task_C_en_test_2077	False
1168	1169	task_C_en_test_2079	False
1169	1170	task_C_en_test_2080	False
1170	1171	task_C_en_test_2082	False
1171	1172	task_C_en_test_2084	False
1172	1173	task_C_en_test_2090	False
1173	1174	task_C_en_test_2091	False
1174	1175	task_C_en_test_2093	True
1175	1176	task_C_en_test_2095	False
1176	1177	task_C_en_test_2096	False
1177	1178	task_C_en_test_2098	False
1178	1179	task_C_en_test_2099	False
1179	1180	task_C_en_test_2100	False
1180	1181	task_C_en_test_2102	False
1181	1182	task_C_en_test_2105	True
1182	1183	task_C_en_test_2106	True
1183	1184	task_C_en_test_2109	False
1184	1185	task_C_en_test_2110	False
1185	1186	task_C_en_test_2115	False
1186	1187	task_C_en_test_2116	False
1187	1188	task_C_en_test_2117	True
1188	1189	task_C_en_test_2121	False
1189	1190	task_C_en_test_2122	False
1190	1191	task_C_en_test_2123	False
1191	1192	task_C_en_test_2125	False
1192	1193	task_C_en_test_2126	False
1193	1194	task_C_en_test_2129	True
1194	1195	task_C_en_test_2130	False
1195	1196	task_C_en_test_2131	False
1196	1197	task_C_en_test_2133	False
1197	1198	task_C_en_test_2135	False
1198	1199	task_C_en_test_2136	False
1199	1200	task_C_en_test_2137	True
1200	1201	task_C_en_test_2138	False
1201	1202	task_C_en_test_2139	False
1202	1203	task_C_en_test_2140	False
1203	1204	task_C_en_test_2144	False
1204	1205	task_C_en_test_2145	False
1205	1206	task_C_en_test_2147	False
1206	1207	task_C_en_test_2149	False
1207	1208	task_C_en_test_2152	False
1208	1209	task_C_en_test_2153	False
1209	1210	task_C_en_test_2154	False
1210	1211	task_C_en_test_2155	True
1211	1212	task_C_en_test_2159	False
1212	1213	task_C_en_test_2161	True
1213	1214	task_C_en_test_2164	False
1214	1215	task_C_en_test_2165	False
1215	1216	task_C_en_test_2167	False
1216	1217	task_C_en_test_2168	False
1217	1218	task_C_en_test_2170	True
1218	1219	task_C_en_test_2172	False
1219	1220	task_C_en_test_2174	False
1220	1221	task_C_en_test_2175	False
1221	1222	task_C_en_test_2176	True
1222	1223	task_C_en_test_2177	True
1223	1224	task_C_en_test_2178	False
1224	1225	task_C_en_test_2181	False
1225	1226	task_C_en_test_2182	False
1226	1227	task_C_en_test_2183	False
1227	1228	task_C_en_test_2184	False
1228	1229	task_C_en_test_2185	False
1229	1230	task_C_en_test_2187	False
1230	1231	task_C_en_test_2188	False
1231	1232	task_C_en_test_2189	True
1232	1233	task_C_en_test_2190	False
1233	1234	task_C_en_test_2194	False
1234	1235	task_C_en_test_2196	True
1235	1236	task_C_en_test_2197	False
1236	1237	task_C_en_test_2199	False
1237	1238	task_C_en_test_2204	False
1238	1239	task_C_en_test_2205	False
1239	1240	task_C_en_test_2206	True
1240	1241	task_C_en_test_2207	True
1241	1242	task_C_en_test_2208	True
1242	1243	task_C_en_test_2210	False
1243	1244	task_C_en_test_2211	False
1244	1245	task_C_en_test_2214	False
1245	1246	task_C_en_test_2217	False
1246	1247	task_C_en_test_2218	False
1247	1248	task_C_en_test_2220	True
1248	1249	task_C_en_test_2222	False
1249	1250	task_C_en_test_2225	False
1250	1251	task_C_en_test_2227	False
1251	1252	task_C_en_test_2228	False
1252	1253	task_C_en_test_2232	True
1253	1254	task_C_en_test_2234	False
1254	1255	task_C_en_test_2236	False
1255	1256	task_C_en_test_2237	False
1256	1257	task_C_en_test_2238	False
1257	1258	task_C_en_test_2240	False
1258	1259	task_C_en_test_2242	True
1259	1260	task_C_en_test_2244	False
1260	1261	task_C_en_test_2246	False
1261	1262	task_C_en_test_2247	True
1262	1263	task_C_en_test_2250	True
1263	1264	task_C_en_test_2252	False
1264	1265	task_C_en_test_2254	False
1265	1266	task_C_en_test_2255	False
1266	1267	task_C_en_test_2256	False
1267	1268	task_C_en_test_2259	False
1268	1269	task_C_en_test_2261	False
1269	1270	task_C_en_test_2262	False
1270	1271	task_C_en_test_2263	False
1271	1272	task_C_en_test_2264	False
1272	1273	task_C_en_test_2268	False
1273	1274	task_C_en_test_2269	False
1274	1275	task_C_en_test_2271	False
1275	1276	task_C_en_test_2273	False
1276	1277	task_C_en_test_2275	False
1277	1278	task_C_en_test_2276	False
1278	1279	task_C_en_test_2277	False
1279	1280	task_C_en_test_2278	False
1280	1281	task_C_en_test_2279	False
1281	1282	task_C_en_test_2280	False
1282	1283	task_C_en_test_2285	False
1283	1284	task_C_en_test_2287	False
1284	1285	task_C_en_test_2289	False
1285	1286	task_C_en_test_2290	False
1286	1287	task_C_en_test_2293	False
1287	1288	task_C_en_test_2294	False
1288	1289	task_C_en_test_2295	True
1289	1290	task_C_en_test_2296	False
1290	1291	task_C_en_test_2298	False
1291	1292	task_C_en_test_2300	True
1292	1293	task_C_en_test_2303	False
1293	1294	task_C_en_test_2304	False
1294	1295	task_C_en_test_2306	False
1295	1296	task_C_en_test_2310	True
1296	1297	task_C_en_test_2314	True
1297	1298	task_C_en_test_2316	False
1298	1299	task_C_en_test_2318	False
1299	1300	task_C_en_test_2319	False
1300	1301	task_C_en_test_2323	True
1301	1302	task_C_en_test_2324	False
1302	1303	task_C_en_test_2325	False
1303	1304	task_C_en_test_2327	False
1304	1305	task_C_en_test_2329	False
1305	1306	task_C_en_test_2331	False
1306	1307	task_C_en_test_2333	False
1307	1308	task_C_en_test_2336	True
1308	1309	task_C_en_test_2337	False
1309	1310	task_C_en_test_2338	False
1310	1311	task_C_en_test_2339	False
1311	1312	task_C_en_test_2340	False
1312	1313	task_C_en_test_2342	False
1313	1314	task_C_en_test_2343	False
1314	1315	task_C_en_test_2345	False
1315	1316	task_C_en_test_2346	False
1316	1317	task_C_en_test_2347	False
1317	1318	task_C_en_test_2348	False
1318	1319	task_C_en_test_2350	True
1319	1320	task_C_en_test_2351	False
1320	1321	task_C_en_test_2354	False
1321	1322	task_C_en_test_2355	False
1322	1323	task_C_en_test_2357	False
1323	1324	task_C_en_test_2358	True
1324	1325	task_C_en_test_2360	False
1325	1326	task_C_en_test_2364	False
1326	1327	task_C_en_test_2369	False
1327	1328	task_C_en_test_2371	False
1328	1329	task_C_en_test_2372	False
1329	1330	task_C_en_test_2373	False
1330	1331	task_C_en_test_2374	False
1331	1332	task_C_en_test_2376	True
1332	1333	task_C_en_test_2378	False
1333	1334	task_C_en_test_2385	True
1334	1335	task_C_en_test_2386	True
1335	1336	task_C_en_test_2387	False
1336	1337	task_C_en_test_2388	False
1337	1338	task_C_en_test_2391	True
1338	1339	task_C_en_test_2392	False
1339	1340	task_C_en_test_2393	True
1340	1341	task_C_en_test_2394	True
1341	1342	task_C_en_test_2397	True
1342	1343	task_C_en_test_2400	True
1343	1344	task_C_en_test_2403	False
1344	1345	task_C_en_test_2404	False
1345	1346	task_C_en_test_2405	False
1346	1347	task_C_en_test_2406	True
1347	1348	task_C_en_test_2407	False
1348	1349	task_C_en_test_2409	False
1349	1350	task_C_en_test_2411	False
1350	1351	task_C_en_test_2416	True
1351	1352	task_C_en_test_2420	False
1352	1353	task_C_en_test_2421	False
1353	1354	task_C_en_test_2423	False
1354	1355	task_C_en_test_2425	False
1355	1356	task_C_en_test_2427	False
1356	1357	task_C_en_test_2430	False
1357	1358	task_C_en_test_2431	False
1358	1359	task_C_en_test_2433	False
1359	1360	task_C_en_test_2437	False
1360	1361	task_C_en_test_2438	True
1361	1362	task_C_en_test_2441	False
1362	1363	task_C_en_test_2443	True
1363	1364	task_C_en_test_2445	False
1364	1365	task_C_en_test_2448	False
1365	1366	task_C_en_test_2450	False
1366	1367	task_C_en_test_2451	False
1367	1368	task_C_en_test_2454	False
1368	1369	task_C_en_test_2455	False
1369	1370	task_C_en_test_2456	False
1370	1371	task_C_en_test_2460	False
1371	1372	task_C_en_test_2461	False
1372	1373	task_C_en_test_2463	False
1373	1374	task_C_en_test_2465	False
1374	1375	task_C_en_test_2470	True
1375	1376	task_C_en_test_2472	False
1376	1377	task_C_en_test_2473	True
1377	1378	task_C_en_test_2474	False
1378	1379	task_C_en_test_2475	False
1379	1380	task_C_en_test_2476	False
1380	1381	task_C_en_test_2477	False
1381	1382	task_C_en_test_2481	False
1382	1383	task_C_en_test_2482	False
1383	1384	task_C_en_test_2483	True
1384	1385	task_C_en_test_2484	True
1385	1386	task_C_en_test_2485	True
1386	1387	task_C_en_test_2486	False
1387	1388	task_C_en_test_2487	True
1388	1389	task_C_en_test_2488	True
1389	1390	task_C_en_test_2489	False
1390	1391	task_C_en_test_2492	False
1391	1392	task_C_en_test_2494	False
1392	1393	task_C_en_test_2497	False
1393	1394	task_C_en_test_2499	False
1394	1395	task_C_en_test_2502	True
1395	1396	task_C_en_test_2503	True
1396	1397	task_C_en_test_2504	True
1397	1398	task_C_en_test_2505	False
1398	1399	task_C_en_test_2507	False
1399	1400	task_C_en_test_2508	False
1400	1401	task_C_en_test_2512	False
1401	1402	task_C_en_test_2514	False
1402	1403	task_C_en_test_2515	True
1403	1404	task_C_en_test_2516	True
1404	1405	task_C_en_test_2519	False
1405	1406	task_C_en_test_2520	False
1406	1407	task_C_en_test_2521	True
1407	1408	task_C_en_test_2522	False
1408	1409	task_C_en_test_2523	True
1409	1410	task_C_en_test_2524	False
1410	1411	task_C_en_test_2525	False
1411	1412	task_C_en_test_2526	True
1412	1413	task_C_en_test_2528	False
1413	1414	task_C_en_test_2529	False
1414	1415	task_C_en_test_2530	True
1415	1416	task_C_en_test_2532	True
1416	1417	task_C_en_test_2533	False
1417	1418	task_C_en_test_2534	False
1418	1419	task_C_en_test_2536	False
1419	1420	task_C_en_test_2537	False
1420	1421	task_C_en_test_2538	False
1421	1422	task_C_en_test_2539	False
1422	1423	task_C_en_test_2541	False
1423	1424	task_C_en_test_2543	False
1424	1425	task_C_en_test_2544	False
1425	1426	task_C_en_test_2546	False
1426	1427	task_C_en_test_2547	False
1427	1428	task_C_en_test_2548	False
1428	1429	task_C_en_test_2549	False
1429	1430	task_C_en_test_2551	False
1430	1431	task_C_en_test_2555	False
